midterm_marks,sessional_marks,final_exam_marks,class_participation,study_hours_perday,sleep_hours_perday,previous_cgpa,grade
19.5,24.01,47.18,High,11.46,8.52,2.12,A
19.23,22.42,39.48,High,1.23,6.3,3.12,A
19.34,12.32,32.08,Medium,6.77,5.89,1.91,C
18.49,13.79,34.27,High,6.02,7.17,2.1,C
16.56,20.97,37.66,Low,2.88,6.05,2.82,B
18.26,12.13,32.43,Medium,2.34,4.06,2.32,C
19.87,21.96,34.12,High,3.03,4.63,2.64,B
20.01,13.69,39.25,Medium,10.12,6.42,1.81,B
19.5,20.46,39.09,High,11.86,8.13,1.22,B
11.67,13.5,19.63,Low,4.94,6.72,1.22,F
18.65,16.96,27.69,High,4.58,6.89,1.93,C
25.0,25.0,42.19,Medium,9.37,8.23,3.14,A
3.75,10.77,19.03,Low,2.19,7.03,1.08,F
13.1,14.06,35.13,High,5.51,7.49,1.75,C
25.0,24.61,46.81,High,3.05,8.01,3.41,A
11.68,11.57,21.59,Medium,3.51,6.65,1.33,F
16.75,14.98,31.73,Low,3.44,4.0,2.25,C
17.74,23.7,47.83,High,5.0,10.0,3.11,A
8.88,9.36,22.8,High,4.07,6.99,1.15,F
20.42,15.06,41.74,High,8.39,4.9,1.73,B
20.37,23.75,47.5,Low,6.89,8.31,2.9,A
8.42,13.03,19.53,Medium,6.63,9.32,1.05,F
23.8,25.0,50.0,Medium,2.51,7.79,3.81,A
22.23,23.8,37.96,Medium,6.83,5.02,2.67,A
25.0,25.0,50.0,High,10.87,8.27,3.18,A
13.46,9.28,10.95,Medium,2.12,7.98,1.03,F
24.02,25.0,45.11,Medium,3.61,8.41,3.14,A
15.19,15.41,35.4,Medium,2.03,7.51,2.7,C
25.0,25.0,50.0,High,7.94,6.95,3.68,A
18.11,22.54,41.47,Low,4.09,8.07,3.17,A
13.89,17.58,34.68,Medium,11.21,6.49,1.05,C
14.52,15.15,24.46,Medium,2.86,7.23,1.95,D
23.75,23.75,47.5,Low,11.89,8.6,2.85,A
24.15,24.15,47.28,Medium,4.95,10.0,3.11,A
25.0,25.0,50.0,High,8.15,4.75,3.39,A
19.5,7.58,28.41,Low,7.36,4.58,1.28,D
5.25,7.01,22.68,High,1.41,7.19,1.09,F
15.49,13.5,38.86,Low,7.85,7.95,1.65,C
25.0,25.0,50.0,Medium,11.73,4.5,3.18,A
10.45,11.58,12.67,High,1.28,6.5,1.24,F
14.65,15.62,25.15,Medium,3.75,9.48,1.47,D
25.0,19.38,44.78,Medium,5.62,8.16,2.84,A
12.31,15.88,24.41,Medium,2.08,5.05,2.42,D
23.75,18.21,47.5,Low,7.99,7.02,2.85,A
18.51,19.26,40.63,Low,2.79,7.19,2.98,B
25.0,14.72,40.54,Medium,5.27,7.88,2.73,A
23.75,23.75,47.5,Low,10.96,6.3,3.88,A
15.46,12.31,32.37,Medium,9.96,7.46,1.07,C
25.0,24.97,47.05,Medium,9.84,5.17,3.21,A
24.28,25.0,50.0,High,4.75,8.22,3.33,A
15.03,19.45,32.24,Medium,10.93,8.28,1.31,C
15.14,13.84,28.8,Low,10.96,7.89,1.03,D
25.0,18.53,47.32,Medium,5.93,8.0,2.9,A
22.04,19.78,47.53,Medium,2.0,6.78,3.37,A
15.19,17.31,25.23,Low,2.29,7.31,2.05,D
22.29,22.41,47.5,Low,8.77,6.68,3.47,A
24.8,25.0,48.68,Medium,7.14,6.93,3.33,A
11.53,14.57,19.51,Medium,2.29,7.6,1.36,F
19.8,22.54,41.07,Medium,10.55,7.08,1.86,A
25.0,19.45,47.0,Medium,7.92,7.28,2.57,A
10.25,13.67,15.09,High,4.09,8.18,1.14,F
11.99,14.72,29.9,Medium,6.1,9.81,1.56,D
21.76,23.96,41.87,Medium,9.95,6.8,1.93,A
23.75,20.31,36.79,Low,1.5,9.03,3.6,A
25.0,25.0,50.0,High,10.26,6.92,3.91,A
25.0,25.0,50.0,High,9.94,7.93,3.59,A
12.54,18.54,38.15,High,2.42,9.31,2.35,C
18.9,14.59,33.21,Medium,2.25,7.1,2.07,C
19.54,21.91,50.0,High,7.17,8.32,2.66,A
14.26,6.23,17.99,Low,2.5,4.0,1.64,F
24.68,25.0,50.0,Medium,4.83,7.5,3.71,A
21.08,25.0,50.0,High,2.62,6.95,3.85,A
18.19,18.33,32.72,Medium,4.62,7.73,2.48,C
17.96,22.43,39.71,Medium,10.86,5.81,2.04,A
6.14,9.68,20.68,Low,1.98,4.0,1.53,F
18.35,21.23,40.63,High,1.43,6.67,3.07,A
23.75,23.0,47.5,Low,9.23,6.53,3.42,A
20.2,19.37,49.7,High,6.09,8.68,2.11,A
10.23,9.95,24.59,Medium,5.92,6.93,1.32,F
19.52,17.1,28.88,Medium,3.33,9.22,1.97,C
11.77,17.84,24.63,Medium,6.91,6.0,1.26,D
14.82,20.71,35.44,Medium,8.11,6.27,2.09,B
4.9,13.98,25.55,Low,4.14,6.87,1.56,F
25.0,25.0,50.0,Medium,9.99,8.13,3.6,A
18.75,17.37,42.24,High,4.08,4.0,2.71,B
14.09,7.19,24.08,Medium,2.26,5.18,1.73,F
15.04,19.12,38.11,Medium,1.57,8.16,2.6,B
23.4,21.06,44.83,Medium,6.19,6.09,2.79,A
23.75,23.75,47.5,Low,2.99,7.17,3.82,A
22.87,20.54,44.59,Low,3.22,10.0,3.39,A
20.23,24.88,39.25,Medium,10.65,4.0,2.08,A
19.78,18.15,40.93,Medium,9.22,4.0,1.9,B
23.75,23.75,47.5,Low,7.87,6.4,3.72,A
25.0,25.0,50.0,Medium,7.82,5.73,3.38,A
21.23,18.07,32.54,Low,9.18,8.24,1.75,B
22.83,20.6,45.5,High,2.22,7.57,3.46,A
22.51,21.32,29.44,High,8.94,7.42,1.69,B
9.75,20.06,33.45,High,3.0,6.92,2.04,C
14.11,14.86,36.57,Medium,7.45,7.89,1.46,C
23.75,23.75,47.5,Low,8.78,6.23,3.77,A
25.0,25.0,50.0,Medium,11.18,6.8,3.8,A
16.02,14.19,40.94,Low,9.83,7.11,2.01,B
12.16,16.07,29.06,High,4.82,6.78,2.04,D
13.67,16.45,36.12,Medium,6.48,8.69,1.53,C
9.95,11.76,24.46,Low,8.3,7.24,1.04,F
19.64,18.56,35.62,High,1.74,6.18,2.79,B
15.78,3.63,14.91,Medium,6.19,5.14,1.11,F
13.32,15.11,30.44,Low,2.71,9.63,2.68,D
8.78,9.16,15.17,High,2.72,5.91,1.08,F
16.62,19.51,31.58,Low,1.22,8.07,3.02,C
12.01,12.06,29.45,High,3.67,5.49,1.3,D
14.75,9.78,31.33,High,4.22,6.72,1.61,D
25.0,19.26,50.0,Medium,4.76,4.88,3.45,A
19.66,18.74,35.88,Medium,7.07,7.6,2.23,B
25.0,25.0,50.0,High,6.36,8.01,3.61,A
13.36,14.4,24.34,High,2.53,5.83,1.77,D
9.77,15.99,36.46,Low,11.06,8.08,1.06,C
23.1,23.75,47.5,Low,3.27,8.52,3.49,A
19.15,10.89,34.61,Medium,11.06,7.3,1.53,C
17.05,15.76,35.73,Medium,3.7,8.58,2.81,C
21.47,21.72,44.8,Medium,6.24,4.72,2.7,A
15.54,9.98,24.05,Medium,6.46,9.66,1.15,F
24.52,24.62,41.68,Medium,5.78,8.39,3.07,A
19.36,21.34,39.82,Low,4.97,5.0,2.77,A
25.0,25.0,50.0,High,9.05,7.95,3.62,A
19.79,19.09,38.01,High,3.43,5.08,2.47,B
24.92,22.94,50.0,Medium,1.37,6.88,3.75,A
25.0,24.59,50.0,High,4.51,6.54,3.53,A
13.53,14.72,30.28,Medium,8.66,4.11,1.23,D
24.64,25.0,48.01,Medium,4.51,8.6,3.37,A
25.0,25.0,50.0,High,9.79,4.0,3.82,A
25.0,25.0,50.0,High,10.61,6.22,2.88,A
9.05,8.92,16.41,Medium,2.22,5.19,1.72,F
25.0,21.33,43.8,High,3.4,8.01,3.04,A
23.95,25.0,33.96,High,2.84,7.11,2.84,A
9.51,14.71,28.04,Low,3.43,6.14,1.53,D
19.5,19.5,50.0,High,2.69,8.41,3.09,A
17.02,17.73,39.1,High,2.01,7.5,2.74,B
17.29,18.69,47.5,Low,7.06,5.57,2.97,A
14.89,17.11,32.81,Medium,1.89,8.78,2.49,C
25.0,18.13,36.51,High,7.52,7.69,2.44,B
25.0,25.0,50.0,Medium,9.77,8.75,3.64,A
22.28,20.96,44.04,Low,9.28,7.74,2.86,A
25.0,25.0,50.0,Medium,10.15,8.12,3.45,A
24.95,22.85,50.0,High,6.94,7.07,2.9,A
18.04,20.06,43.4,High,7.96,5.46,2.03,A
11.7,13.52,27.74,Medium,7.4,6.21,1.2,D
12.13,7.24,12.65,Medium,1.24,9.82,1.07,F
16.81,19.97,43.59,Medium,11.97,8.48,1.82,A
7.66,14.12,25.6,Medium,1.91,6.85,1.66,F
22.67,19.35,37.1,Medium,8.02,6.0,2.26,B
12.85,16.45,27.56,Medium,8.17,7.69,1.09,D
25.0,25.0,50.0,High,10.29,7.74,3.31,A
13.75,20.81,31.2,Low,2.29,4.85,2.44,C
11.17,16.06,25.05,Medium,7.4,6.96,1.19,D
6.81,13.84,26.26,Medium,5.32,7.64,1.22,F
20.4,19.98,50.0,Medium,1.44,6.97,3.34,A
23.74,17.33,45.36,Low,7.16,5.98,3.11,A
8.68,4.9,20.13,Medium,1.86,7.93,1.1,F
15.27,13.92,22.79,Low,2.84,6.03,1.6,D
25.0,25.0,50.0,High,10.58,8.43,3.13,A
25.0,25.0,48.38,Medium,5.98,6.27,3.45,A
22.39,23.97,50.0,High,3.41,8.69,3.62,A
21.81,22.07,45.95,High,7.11,5.47,2.49,A
11.64,8.04,20.47,Medium,1.34,8.31,1.22,F
18.18,20.64,41.74,Medium,4.81,6.31,2.28,A
19.26,22.6,50.0,High,10.61,7.27,2.46,A
14.2,17.26,34.12,Medium,7.85,7.39,1.63,C
13.75,11.81,18.53,High,3.61,6.92,1.54,F
25.0,21.17,50.0,Medium,5.9,5.32,3.61,A
25.0,24.4,46.82,Medium,3.84,6.59,3.91,A
12.61,8.14,13.01,Medium,2.87,6.36,1.22,F
23.75,23.75,47.5,Low,8.77,6.87,2.85,A
25.0,25.0,50.0,High,7.44,6.94,3.42,A
23.0,20.42,46.02,Low,11.3,7.67,2.59,A
18.09,16.47,34.75,Low,1.46,4.0,2.52,C
17.72,22.23,41.84,Low,8.34,6.02,2.47,A
23.75,22.72,43.18,Low,10.55,7.55,2.33,A
20.83,22.46,45.32,High,7.8,7.67,2.49,A
25.0,17.44,42.96,Medium,3.37,5.87,3.03,A
25.0,25.0,50.0,High,1.53,9.15,4.0,A
25.0,24.14,50.0,Medium,10.66,8.05,3.22,A
25.0,23.0,47.12,High,5.79,4.53,3.39,A
20.82,18.77,50.0,Medium,5.27,8.51,3.09,A
22.21,25.0,42.24,Medium,6.1,6.97,2.86,A
19.36,23.61,38.11,Medium,5.18,7.85,2.02,A
25.0,25.0,50.0,High,8.9,7.83,3.44,A
9.94,9.59,26.52,Medium,6.34,9.09,1.3,F
16.76,13.66,36.76,High,7.71,6.76,1.93,C
18.85,21.62,34.94,Medium,3.0,7.66,3.04,B
25.0,25.0,50.0,High,6.32,7.21,3.89,A
23.87,23.99,46.27,High,10.01,9.62,2.8,A
25.0,25.0,50.0,Medium,10.9,6.16,3.52,A
16.91,23.75,34.06,Low,8.34,7.46,2.27,B
25.0,25.0,49.16,Medium,10.49,7.4,3.21,A
16.66,23.99,44.85,Medium,7.54,6.17,2.17,A
23.75,23.75,47.01,Low,11.9,7.85,3.08,A
7.6,6.24,16.14,High,1.94,5.16,1.24,F
10.21,13.99,27.89,Low,6.71,7.16,1.21,D
25.0,19.58,50.0,Medium,6.86,7.63,2.95,A
12.73,17.59,27.75,Medium,1.66,7.12,2.4,D
24.83,23.39,38.75,Medium,9.32,6.53,2.35,A
25.0,25.0,50.0,Medium,11.2,7.34,3.98,A
24.83,25.0,41.89,High,2.4,5.0,3.27,A
14.08,11.82,41.87,Medium,11.31,5.3,1.26,C
24.42,23.88,50.0,Medium,11.11,6.56,2.55,A
25.0,25.0,50.0,High,9.87,6.47,3.6,A
25.0,24.97,46.84,High,4.81,8.23,3.08,A
16.02,23.4,45.03,Low,9.41,5.51,2.82,A
8.0,9.35,15.42,Low,1.28,7.73,1.2,F
17.72,14.49,35.89,Medium,6.57,5.08,1.94,C
18.24,23.1,38.26,Low,2.67,6.49,2.95,B
23.75,23.27,47.5,Low,3.63,6.06,3.95,A
14.4,16.77,30.04,High,6.6,4.77,1.19,C
18.67,21.85,36.14,Low,5.69,5.24,2.58,B
20.8,14.45,42.93,High,10.1,7.59,2.24,B
14.58,17.32,27.38,Low,3.37,10.0,2.61,D
21.53,20.21,45.03,Medium,2.08,9.57,3.53,A
17.89,17.66,38.64,Medium,5.34,5.32,2.13,B
24.56,15.86,38.64,High,3.8,7.45,2.31,B
19.08,22.66,45.3,Low,7.75,9.58,2.91,A
17.4,18.97,31.76,Low,1.46,5.54,3.04,C
18.56,18.6,40.95,Medium,9.52,5.94,2.05,B
23.75,19.59,38.09,Low,3.92,9.25,3.29,A
13.5,15.24,20.81,Medium,2.34,7.06,1.62,F
25.0,25.0,50.0,Medium,9.79,7.76,3.91,A
23.75,23.75,47.5,Low,8.22,5.08,3.44,A
17.78,17.61,38.12,Medium,5.83,8.22,2.3,B
22.72,17.52,45.26,High,9.98,6.79,1.86,A
25.0,22.86,50.0,Medium,9.54,6.02,3.19,A
24.88,25.0,50.0,Medium,3.35,8.61,3.45,A
20.83,19.71,42.3,Medium,4.27,8.01,2.53,A
15.42,10.41,31.01,Low,6.08,6.37,1.48,D
12.36,17.53,37.28,High,7.11,6.09,1.61,C
13.1,14.18,33.42,High,1.06,5.77,2.66,C
25.0,25.0,50.0,Medium,11.96,8.4,3.63,A
20.98,15.76,35.68,Medium,5.54,5.75,2.17,B
23.75,23.75,47.5,Low,8.07,8.81,2.44,A
25.0,25.0,50.0,Medium,9.85,6.03,3.03,A
23.05,25.0,50.0,Medium,9.67,4.2,3.12,A
10.91,12.07,28.12,Medium,3.43,5.38,1.27,D
20.87,25.0,50.0,Medium,2.3,9.31,3.36,A
11.72,15.62,19.03,Medium,4.98,7.26,1.55,F
25.0,24.42,47.35,Medium,3.85,4.0,3.82,A
1.36,9.9,24.6,High,1.89,8.17,1.4,F
16.46,17.78,28.18,Low,7.71,6.69,1.48,C
11.72,11.46,27.46,High,3.72,9.35,1.79,D
14.08,24.01,45.66,Medium,1.72,6.58,3.33,A
15.9,13.99,26.91,High,8.3,6.09,1.07,D
21.31,14.86,38.85,High,9.04,4.97,1.78,B
21.28,22.76,45.7,Medium,11.69,6.19,2.39,A
15.76,18.99,39.32,Medium,10.36,8.04,1.75,B
14.0,11.76,23.43,Medium,8.79,6.91,1.2,F
24.21,25.0,50.0,Medium,10.35,10.0,3.84,A
11.01,12.87,23.47,High,6.64,7.9,1.19,F
13.27,17.78,27.1,Medium,2.81,6.62,1.78,D
25.0,25.0,50.0,Medium,10.58,5.9,3.64,A
25.0,25.0,50.0,Medium,6.93,8.72,3.73,A
23.76,25.0,50.0,Medium,11.61,9.05,3.33,A
25.0,25.0,50.0,Medium,9.78,5.73,2.9,A
24.22,25.0,47.82,High,4.48,6.23,3.38,A
23.75,23.75,47.5,Low,8.2,9.12,3.68,A
25.0,25.0,50.0,High,5.6,6.62,3.9,A
13.69,12.93,24.68,Medium,7.16,6.47,1.04,D
24.31,19.72,35.95,High,10.44,4.07,1.56,B
25.0,25.0,47.26,Medium,6.05,6.24,3.46,A
23.75,23.75,47.5,Low,10.09,4.0,3.14,A
25.0,24.71,50.0,Medium,8.16,6.96,3.25,A
22.91,15.96,37.04,Medium,2.39,7.79,2.9,B
24.7,25.0,44.65,Medium,4.07,5.98,3.51,A
12.24,12.07,15.3,Medium,4.34,8.25,1.1,F
25.0,25.0,50.0,Medium,8.38,6.82,3.72,A
20.4,18.02,41.04,High,5.18,7.63,2.64,B
25.0,25.0,48.2,High,4.21,8.63,3.58,A
25.0,23.38,47.01,High,4.1,7.14,3.49,A
13.66,6.41,18.31,Medium,1.14,5.4,1.73,F
22.98,24.46,47.05,High,1.53,7.32,3.23,A
11.04,14.32,17.95,Medium,1.87,7.36,1.56,F
18.45,24.56,25.75,Medium,11.01,5.97,1.28,C
21.02,24.29,49.31,Medium,9.51,8.97,2.3,A
20.74,23.72,46.24,Medium,8.73,4.0,2.78,A
25.0,25.0,50.0,Medium,11.46,7.29,2.96,A
13.9,8.36,30.93,Medium,4.98,5.14,1.76,D
12.75,11.42,28.62,Medium,3.28,9.01,1.84,D
17.09,18.93,35.36,High,4.23,7.4,2.54,B
24.34,18.16,33.73,High,6.58,4.73,2.04,B
21.34,23.73,41.69,High,5.52,6.19,2.27,A
23.75,23.75,47.5,Low,10.03,8.35,3.87,A
9.57,11.32,30.56,Medium,5.22,6.26,1.34,D
9.29,10.11,13.21,Medium,1.88,9.12,1.21,F
18.2,19.85,36.68,Medium,1.11,7.95,2.78,B
12.81,16.38,32.01,Low,10.93,6.69,1.36,C
10.51,18.59,36.2,Medium,6.35,8.93,1.89,C
24.53,25.0,50.0,Medium,8.62,5.99,3.54,A
17.22,20.77,38.2,High,9.78,8.76,2.34,B
20.56,22.6,43.23,Medium,8.76,6.68,2.8,A
23.75,23.75,43.78,Low,4.8,8.82,3.67,A
14.59,16.54,18.45,Medium,5.51,6.11,1.22,F
25.0,25.0,50.0,Medium,5.99,6.29,3.96,A
23.75,23.75,47.5,Low,5.23,9.4,3.89,A
18.66,19.58,38.77,Low,10.9,8.36,1.87,B
25.0,25.0,50.0,Medium,11.82,5.31,3.48,A
22.62,18.65,34.93,Medium,2.7,8.84,2.62,B
13.32,12.45,20.07,Low,3.85,8.12,1.91,F
17.86,25.0,38.11,Medium,2.53,8.35,2.74,A
21.11,22.19,50.0,Medium,7.83,4.75,2.71,A
21.19,25.0,39.18,High,11.6,7.42,1.68,A
25.0,24.61,50.0,High,4.03,6.92,3.38,A
22.62,18.52,42.36,Medium,5.13,4.0,2.77,A
21.61,22.68,45.75,High,7.35,7.97,2.48,A
25.0,24.92,50.0,Medium,11.52,8.51,2.72,A
22.52,21.35,49.88,High,7.89,8.42,2.53,A
23.88,18.85,37.32,Medium,2.48,5.97,3.08,A
25.0,25.0,50.0,High,1.1,7.77,3.87,A
24.65,25.0,47.36,High,2.57,7.67,3.22,A
18.14,16.39,34.55,Medium,1.97,6.78,2.84,C
14.85,16.68,27.57,High,2.22,6.67,2.05,D
18.88,21.54,44.66,High,9.74,5.59,2.5,A
25.0,25.0,50.0,Medium,11.22,6.8,3.41,A
25.0,23.02,41.81,Medium,11.77,7.28,2.92,A
18.55,23.75,46.61,Low,7.87,7.84,2.76,A
25.0,24.61,50.0,Medium,7.08,4.35,3.41,A
11.22,13.14,30.01,Medium,2.47,5.45,1.85,D
16.9,12.08,26.6,Low,10.23,6.54,1.19,D
19.68,14.36,32.22,High,3.97,8.42,2.08,C
25.0,25.0,45.41,High,5.15,6.8,3.73,A
23.75,20.84,47.05,Low,8.74,7.1,2.9,A
25.0,25.0,50.0,High,11.46,8.81,3.28,A
2.46,11.43,16.7,High,4.96,6.69,1.14,F
14.56,20.0,32.95,Low,5.07,7.45,2.11,C
15.58,17.5,36.68,Medium,8.23,9.4,1.64,C
10.71,16.69,21.88,Medium,2.5,9.46,1.89,F
19.69,18.01,37.6,High,3.19,7.18,3.14,B
21.28,18.98,33.69,Medium,1.16,6.71,3.51,B
22.05,20.4,47.5,Low,7.55,7.32,2.59,A
21.57,20.25,43.2,High,9.51,7.89,1.94,A
13.53,8.62,13.26,Low,3.92,7.38,1.36,F
14.0,13.66,27.7,Medium,1.01,7.37,2.12,D
23.69,24.34,46.78,Medium,6.04,5.8,3.34,A
22.15,22.78,39.14,Medium,9.22,6.08,2.45,A
12.74,15.8,24.43,Medium,2.55,6.45,1.59,D
19.23,17.89,42.39,Medium,5.27,7.7,2.91,B
20.82,23.76,48.65,High,10.79,7.88,2.41,A
14.99,14.49,30.4,Medium,6.51,9.06,1.73,D
18.85,15.91,40.55,Low,5.76,7.56,2.64,B
14.07,19.95,44.95,Low,11.57,4.96,1.73,B
16.0,12.44,28.66,High,7.85,7.86,1.22,D
23.75,23.75,47.5,Low,9.33,5.06,3.93,A
20.21,24.92,42.94,Medium,2.79,6.69,3.0,A
19.15,15.14,31.12,Medium,7.98,7.4,1.69,C
12.38,15.79,26.51,Medium,1.32,4.65,2.29,D
23.75,23.75,47.5,Low,11.93,6.1,3.76,A
25.0,25.0,50.0,Medium,11.46,4.63,3.76,A
19.08,16.17,36.44,Medium,8.22,8.03,2.08,B
25.0,25.0,50.0,Medium,7.4,8.44,3.85,A
21.48,24.98,43.61,High,10.84,9.27,2.06,A
15.9,14.48,33.65,Medium,3.25,7.67,2.49,C
0.92,9.75,20.08,High,1.76,7.61,1.21,F
16.83,21.16,40.11,High,8.63,8.58,2.0,B
15.84,13.46,27.12,Low,5.68,7.05,1.85,D
23.22,24.06,50.0,Medium,3.49,8.23,3.92,A
25.0,22.85,49.72,Medium,5.65,7.69,3.55,A
25.0,17.07,42.46,High,10.92,7.34,2.11,A
22.89,23.75,45.87,Low,8.8,4.75,2.63,A
19.45,16.33,28.99,High,8.86,7.24,1.89,C
25.0,25.0,50.0,Medium,10.1,7.75,3.8,A
25.0,25.0,49.81,Medium,10.48,5.17,3.19,A
25.0,25.0,50.0,High,10.42,8.0,3.94,A
13.59,20.39,31.42,High,2.79,7.68,2.14,C
19.67,18.25,36.22,High,8.75,6.01,1.7,B
23.75,23.75,47.5,Low,10.49,6.58,3.16,A
25.0,22.58,50.0,Medium,2.73,7.93,3.6,A
17.02,14.89,29.6,Medium,7.87,5.35,1.75,C
16.73,23.22,35.1,Medium,7.83,4.44,2.06,B
22.5,20.52,47.19,Low,4.66,8.72,3.06,A
18.69,20.71,36.01,Medium,3.19,5.56,2.9,B
18.26,22.26,47.5,Low,11.78,6.08,2.3,A
18.71,21.25,46.07,Medium,5.65,4.83,3.11,A
14.43,15.35,27.99,Medium,4.16,7.28,1.81,D
9.83,16.22,30.7,Medium,7.59,5.28,1.28,D
25.0,20.28,48.92,Medium,7.71,7.42,3.12,A
22.86,23.42,40.97,Medium,8.71,7.77,2.76,A
22.18,24.59,43.21,Medium,11.53,6.79,2.35,A
25.0,23.5,50.0,Medium,11.06,9.07,3.25,A
22.56,23.22,39.92,High,3.66,5.69,2.91,A
13.85,16.27,21.29,Medium,1.69,7.36,1.74,D
25.0,25.0,50.0,High,10.22,8.02,3.85,A
23.75,22.84,47.5,Low,6.74,10.0,3.21,A
19.11,17.65,40.25,High,5.05,5.87,1.81,B
23.46,15.18,32.76,Medium,8.76,8.29,1.75,B
12.91,15.0,33.14,Medium,1.24,6.98,2.33,C
11.65,17.86,29.73,Medium,9.41,6.58,1.32,D
10.11,10.2,16.63,Medium,3.04,7.49,1.21,F
23.58,18.47,24.06,Medium,4.41,5.02,1.87,C
25.0,24.57,50.0,Medium,9.68,7.01,3.49,A
24.0,25.0,48.42,Medium,2.13,6.53,3.63,A
25.0,25.0,50.0,High,10.22,7.54,3.03,A
19.25,19.62,44.91,Medium,2.97,8.38,3.02,A
15.81,17.83,30.27,Low,2.77,6.57,2.54,C
11.24,13.68,34.83,Medium,6.71,10.0,1.67,D
21.32,21.22,36.12,Medium,5.72,5.05,2.25,B
18.83,22.13,40.05,Medium,10.58,7.38,2.24,A
12.71,10.27,27.73,Medium,2.57,7.27,2.01,D
23.75,15.48,42.86,Low,5.61,8.5,2.52,A
15.94,12.43,25.56,High,1.11,7.51,1.76,D
15.24,18.75,35.42,High,4.67,6.9,2.46,C
21.03,24.86,45.87,High,9.84,7.07,2.16,A
16.44,11.62,18.91,Low,8.13,7.93,1.2,F
13.29,11.99,34.74,Medium,4.86,6.58,1.66,C
23.75,20.37,46.47,Low,8.8,6.99,2.97,A
25.0,25.0,50.0,Medium,9.5,7.94,3.41,A
21.57,19.45,32.95,Medium,2.54,6.28,2.55,B
25.0,25.0,50.0,High,9.25,7.47,3.67,A
23.75,21.02,40.07,Low,7.96,6.02,2.74,A
17.13,14.1,23.66,Medium,3.66,7.05,1.94,D
15.84,17.4,25.99,Medium,8.66,8.28,1.23,D
18.19,25.0,41.9,High,3.9,6.09,3.08,A
23.77,17.53,44.67,Medium,3.41,7.94,3.08,A
18.33,23.75,40.33,Low,3.06,6.9,3.28,A
13.46,7.43,25.11,High,1.37,6.6,1.78,F
23.65,20.62,41.11,High,10.88,7.97,1.97,A
19.04,18.63,29.9,Low,1.74,6.63,2.73,C
5.19,12.91,16.74,High,4.96,8.04,1.07,F
14.95,17.06,35.62,Medium,9.41,8.54,1.04,C
25.0,25.0,49.63,Medium,7.46,6.17,3.59,A
25.0,20.38,50.0,High,11.21,8.33,2.79,A
21.51,21.46,38.13,Medium,1.59,6.76,2.78,A
17.25,18.24,25.46,Medium,6.5,6.27,1.5,C
21.21,23.75,47.5,Low,7.59,7.71,2.91,A
15.42,13.21,22.79,High,1.21,7.69,1.51,D
25.0,25.0,50.0,Medium,6.9,7.81,3.88,A
25.0,25.0,50.0,Medium,7.42,6.32,3.76,A
15.39,16.86,30.49,High,7.68,6.49,1.25,C
25.0,23.71,50.0,High,3.16,8.23,3.66,A
25.0,25.0,50.0,High,6.12,7.46,3.92,A
23.9,19.79,46.9,Medium,1.94,6.57,3.81,A
6.3,10.21,20.76,High,2.62,8.58,1.5,F
11.33,9.83,25.31,Low,3.56,7.27,1.9,F
19.33,15.74,26.36,Low,9.9,6.77,1.63,C
23.34,23.75,46.96,Low,9.84,5.49,2.69,A
9.84,14.1,25.93,Low,6.37,4.0,1.82,F
25.0,25.0,50.0,Medium,7.32,4.11,3.18,A
25.0,25.0,50.0,High,11.88,6.89,3.52,A
23.91,19.76,34.67,High,6.31,5.61,2.48,B
21.34,17.02,39.86,Low,9.39,10.0,2.36,B
24.86,16.92,41.72,Medium,3.53,5.35,2.93,A
13.91,11.3,26.7,Medium,4.07,6.71,1.56,D
23.75,23.75,47.5,Low,7.28,6.65,3.91,A
25.0,22.39,48.08,High,10.3,5.98,2.67,A
25.0,25.0,46.91,Medium,3.75,7.69,3.62,A
19.6,17.16,31.97,Low,4.86,5.9,2.37,C
25.0,25.0,43.55,Medium,6.15,6.25,3.73,A
25.0,25.0,50.0,High,12.0,5.33,2.79,A
24.07,25.0,36.19,High,7.77,9.59,2.53,A
17.73,21.29,45.25,Low,2.77,5.66,3.52,A
12.04,17.16,24.63,Medium,2.91,7.54,1.84,D
25.0,23.14,43.03,Medium,3.61,6.75,3.32,A
12.26,16.66,28.06,Medium,10.1,6.9,1.06,D
25.0,25.0,50.0,High,8.35,8.72,3.88,A
25.0,25.0,50.0,High,11.42,9.21,3.54,A
25.0,24.97,50.0,Medium,4.43,5.12,3.97,A
23.75,23.75,47.5,Low,11.29,5.28,3.5,A
13.08,18.06,44.36,Medium,11.65,6.44,1.45,B
24.11,25.0,50.0,Medium,9.29,6.65,3.25,A
25.0,25.0,50.0,Medium,11.0,6.26,3.69,A
18.69,15.78,27.51,High,5.73,7.41,2.03,C
14.68,17.6,37.11,Medium,4.3,5.49,2.48,C
25.0,25.0,50.0,High,4.78,8.91,3.71,A
25.0,25.0,50.0,Medium,10.88,5.63,2.97,A
21.78,18.9,34.31,High,2.31,6.68,2.39,B
11.45,18.08,32.6,Low,2.14,7.68,2.6,C
11.64,18.2,27.76,Low,1.55,5.0,2.04,D
17.72,17.73,24.21,Medium,7.35,6.51,1.76,D
15.86,11.92,39.03,Medium,9.86,7.83,2.09,C
19.31,14.77,45.35,High,9.89,6.72,2.14,B
15.62,17.26,24.35,Medium,11.27,6.01,1.36,D
21.68,17.82,31.94,High,8.22,5.94,1.48,B
13.15,15.71,33.0,High,7.74,4.0,1.35,C
17.55,25.0,42.97,High,10.17,6.57,2.21,A
15.16,17.44,28.84,Medium,5.54,6.41,2.06,C
12.64,15.22,32.7,Low,10.1,8.53,1.47,C
16.87,18.34,26.98,High,6.53,9.55,1.69,C
25.0,23.51,48.84,Medium,6.84,7.41,3.26,A
21.68,24.36,50.0,High,6.94,7.46,3.5,A
25.0,20.96,50.0,Medium,6.32,6.87,3.53,A
12.04,13.66,21.05,High,1.07,8.92,1.82,F
25.0,25.0,50.0,High,9.86,6.5,3.01,A
19.8,23.75,47.5,Low,8.57,4.2,2.98,A
19.2,13.58,26.67,Low,2.76,6.66,2.25,D
11.47,11.09,27.81,Medium,8.28,6.46,1.05,D
23.75,23.75,47.5,Low,5.62,6.88,3.78,A
17.99,18.15,29.26,High,1.12,9.24,2.75,C
25.0,25.0,50.0,Medium,6.99,8.17,3.92,A
18.44,18.55,31.45,Medium,1.56,5.93,2.65,C
22.56,23.75,47.5,Low,11.23,5.84,3.45,A
8.94,7.16,19.17,Medium,6.42,7.16,1.15,F
24.85,24.86,47.4,High,9.86,4.98,2.72,A
18.85,17.94,34.66,Low,8.48,7.91,2.23,B
20.68,23.59,41.36,High,3.86,4.86,2.92,A
20.98,19.54,31.16,High,8.4,6.5,1.72,B
22.13,22.64,48.93,Medium,4.97,8.67,3.21,A
25.0,22.97,43.5,Medium,10.53,4.18,2.73,A
21.52,20.31,43.36,High,7.21,7.44,1.99,A
10.86,11.65,24.22,Low,10.0,8.25,1.05,F
20.83,23.75,47.5,Low,2.13,9.53,3.6,A
18.69,22.09,44.38,Medium,8.51,8.08,2.81,A
18.89,23.45,46.92,Medium,3.57,7.49,3.08,A
16.41,13.95,26.47,Medium,9.08,4.0,1.13,D
7.99,6.95,21.3,Medium,1.9,4.0,1.04,F
13.1,15.36,25.15,Medium,4.26,10.0,1.52,D
10.73,8.12,13.41,Medium,1.99,6.58,1.21,F
24.06,23.14,47.05,Medium,4.23,8.59,3.14,A
25.0,23.94,50.0,Medium,11.41,9.6,3.04,A
15.5,19.33,23.5,Medium,9.02,6.43,1.05,D
14.21,17.51,39.66,High,10.15,6.01,1.28,B
18.17,23.75,46.01,Low,2.3,7.2,3.34,A
25.0,25.0,50.0,Medium,7.22,4.62,3.87,A
13.33,14.3,35.62,Low,3.64,4.0,2.17,C
25.0,25.0,50.0,Medium,11.95,4.55,3.62,A
25.0,22.09,50.0,Medium,8.5,5.46,3.02,A
25.0,25.0,50.0,High,8.71,9.16,3.08,A
16.64,7.34,19.33,Medium,1.28,7.62,1.56,F
23.75,14.83,30.08,Low,11.6,7.13,1.38,C
4.11,9.53,21.92,Medium,2.16,7.71,1.17,F
9.42,8.69,27.21,Medium,6.48,7.36,1.12,F
25.0,23.61,49.93,High,7.41,6.78,3.43,A
23.21,23.86,50.0,Medium,7.12,8.52,3.11,A
17.86,23.48,40.14,Medium,8.43,6.79,1.99,A
12.11,13.39,24.03,Medium,2.32,6.26,1.75,F
13.87,12.27,27.49,Medium,2.78,4.97,2.52,D
23.08,24.1,50.0,Medium,5.86,6.19,2.98,A
19.96,17.91,43.63,Medium,5.42,5.91,2.75,A
14.06,11.84,14.76,Medium,1.64,8.38,1.63,F
23.75,23.75,43.42,Low,6.94,5.8,3.41,A
8.45,11.23,26.24,Medium,2.67,7.48,1.43,F
13.91,14.15,25.66,Medium,6.25,6.85,1.24,D
19.34,15.01,34.73,High,10.63,6.26,1.37,C
21.56,25.0,41.69,High,7.39,6.4,2.55,A
20.78,18.62,39.83,Medium,8.08,8.21,2.32,B
15.07,15.05,20.97,Low,5.87,8.6,1.65,D
25.0,25.0,48.37,High,7.1,9.62,3.4,A
25.0,24.98,50.0,Medium,6.95,7.44,3.87,A
8.99,14.27,25.21,High,7.65,7.35,1.18,F
14.02,11.8,30.28,Low,2.8,6.16,2.33,D
19.67,20.83,37.62,Medium,6.32,7.01,2.54,B
13.6,16.2,26.96,Medium,7.31,4.99,1.21,D
18.23,22.35,32.65,High,1.5,7.18,2.94,B
24.89,15.64,48.52,Medium,11.88,9.08,2.07,A
18.83,20.03,33.34,Medium,6.39,8.7,2.23,B
16.58,13.64,32.27,Low,3.61,9.9,2.18,C
19.74,18.56,46.5,Low,11.15,6.48,2.43,A
24.7,23.55,49.46,Medium,3.47,6.2,3.49,A
22.85,20.1,39.85,Medium,9.04,7.42,2.0,A
16.91,6.95,28.44,Low,8.61,4.0,1.18,D
22.92,25.0,50.0,Medium,2.49,5.25,3.99,A
23.68,24.76,37.97,Medium,5.6,5.14,2.45,A
25.0,19.91,37.08,Medium,7.27,7.65,2.66,A
25.0,25.0,46.37,High,7.24,6.95,3.08,A
9.65,15.55,30.38,Medium,5.61,6.66,1.78,D
19.31,17.84,34.54,Low,9.08,5.05,1.86,B
15.69,6.42,27.75,Medium,7.88,7.07,1.27,F
15.46,17.5,28.39,Medium,10.48,8.97,1.07,C
25.0,25.0,50.0,Medium,11.04,5.88,3.25,A
22.96,13.53,34.69,Medium,7.11,5.06,1.92,B
17.16,16.69,25.86,Medium,4.12,8.5,1.64,D
19.88,25.0,46.94,Medium,8.29,6.66,2.69,A
12.69,15.96,21.07,Low,3.43,8.14,1.77,F
23.08,25.0,50.0,Medium,9.36,7.17,3.27,A
25.0,25.0,50.0,High,4.34,7.63,3.8,A
11.49,16.92,23.33,High,8.39,7.07,1.39,D
19.6,16.71,38.86,High,8.1,6.04,2.28,B
25.0,25.0,50.0,Medium,11.0,7.56,3.35,A
25.0,25.0,50.0,Medium,5.14,6.32,3.87,A
23.07,19.25,42.92,High,9.9,7.83,1.95,A
12.72,20.16,41.91,High,8.59,7.01,1.44,B
18.17,17.98,38.86,Medium,2.32,5.11,2.53,B
25.0,25.0,50.0,High,9.93,5.92,3.26,A
25.0,25.0,50.0,Medium,8.45,6.77,3.23,A
23.85,21.83,40.28,Medium,10.34,7.32,2.43,A
25.0,23.81,50.0,Medium,6.62,8.26,3.16,A
13.14,20.3,33.6,Medium,10.23,7.91,1.32,C
16.39,17.61,22.22,High,5.49,5.74,1.34,D
24.48,25.0,50.0,High,4.28,6.6,3.83,A
25.0,21.21,50.0,Medium,5.06,6.76,3.93,A
19.96,17.75,32.8,Low,6.59,9.62,2.52,B
21.66,23.29,35.93,Low,9.64,4.0,2.27,A
20.73,13.02,36.07,Medium,9.27,7.03,1.77,C
23.75,21.25,47.46,Low,4.8,7.78,3.76,A
9.66,12.37,20.22,High,1.74,5.44,1.36,F
14.62,17.36,37.77,Medium,5.12,6.33,2.05,C
20.27,16.94,32.85,Medium,5.89,9.26,2.02,B
25.0,25.0,50.0,High,6.32,7.03,3.97,A
19.77,22.62,46.29,High,2.07,8.54,3.57,A
19.35,19.42,36.32,Medium,1.01,7.71,3.48,B
18.46,21.4,33.99,High,5.15,6.53,2.25,B
21.36,20.97,50.0,Medium,1.66,6.17,3.86,A
15.24,12.53,24.67,Low,7.98,7.13,1.37,D
25.0,25.0,50.0,High,3.72,6.51,3.87,A
25.0,25.0,50.0,High,11.28,4.81,3.31,A
15.19,19.2,35.61,Low,6.99,4.05,2.18,B
25.0,24.06,50.0,Medium,9.13,5.89,3.39,A
13.45,14.22,27.6,Medium,1.44,5.22,2.24,D
25.0,24.58,50.0,High,2.55,4.79,3.84,A
15.84,13.63,23.39,High,2.61,6.21,1.58,D
18.93,14.79,34.31,Medium,7.99,8.77,1.94,C
13.85,6.8,28.26,Medium,3.16,8.24,1.4,F
24.81,20.14,39.84,Medium,10.06,8.2,2.09,A
18.24,18.88,33.08,Medium,1.28,7.89,3.05,B
12.22,13.0,23.46,Low,1.89,6.93,2.16,F
20.37,23.75,39.46,Low,11.19,8.49,1.92,A
16.53,18.93,39.51,Low,3.15,6.02,2.6,B
25.0,23.11,38.24,High,11.47,6.71,2.02,A
25.0,25.0,50.0,Medium,11.11,4.0,3.23,A
23.21,22.88,39.07,Medium,11.01,4.14,2.05,A
25.0,25.0,50.0,High,5.0,7.93,3.55,A
23.75,21.53,47.5,Low,5.35,6.52,3.54,A
18.72,22.49,33.25,Low,7.98,5.6,2.07,B
24.26,25.0,50.0,Medium,6.31,6.91,3.25,A
19.37,22.04,47.96,Medium,8.78,5.22,2.58,A
23.75,23.75,47.5,Low,7.06,8.14,3.52,A
25.0,25.0,50.0,Medium,7.31,6.18,3.93,A
19.78,23.76,44.18,Medium,5.33,7.64,2.79,A
14.06,18.41,21.9,Low,5.73,7.78,1.55,D
14.33,11.54,19.03,Medium,1.46,9.84,1.64,F
25.0,25.0,50.0,High,8.91,5.94,3.86,A
20.16,18.04,44.09,Medium,7.21,7.13,2.6,A
25.0,25.0,50.0,High,11.15,9.26,3.18,A
22.68,15.71,46.12,Medium,6.39,6.18,2.81,A
8.61,16.69,23.56,Medium,1.93,4.45,1.56,F
15.81,22.41,35.91,High,11.26,6.52,2.04,B
23.16,25.0,50.0,Medium,1.13,7.57,3.76,A
13.85,17.21,30.72,Medium,6.32,4.89,1.71,C
24.72,20.54,40.28,Medium,1.68,4.63,3.31,A
5.91,13.82,20.23,Medium,5.94,6.52,1.12,F
15.88,18.19,25.51,High,2.09,8.49,2.1,D
19.74,25.0,46.39,Medium,6.01,6.67,2.89,A
15.61,19.63,22.14,High,6.34,5.15,1.17,D
25.0,25.0,50.0,Medium,7.15,7.27,3.56,A
25.0,24.27,50.0,Medium,11.26,9.14,3.05,A
25.0,25.0,50.0,High,8.14,6.05,3.64,A
25.0,25.0,50.0,Medium,9.36,9.43,3.73,A
14.44,9.75,29.48,Low,7.78,6.54,1.68,D
16.14,17.38,34.23,Medium,9.46,6.24,1.61,C
23.75,23.75,47.5,Low,10.74,6.42,3.45,A
18.84,19.62,38.97,High,11.29,6.74,1.4,B
17.29,13.56,30.28,High,4.65,7.11,1.83,C
19.89,14.78,36.74,Medium,4.11,6.72,2.16,B
21.83,16.06,43.02,Medium,11.42,4.7,1.54,A
20.9,20.37,37.58,Medium,9.17,6.85,2.33,B
18.6,16.46,32.91,Low,5.4,5.36,2.06,C
24.01,15.32,45.97,High,5.61,7.15,2.99,A
24.72,22.06,46.56,Medium,11.77,9.46,2.1,A
21.69,25.0,50.0,Medium,10.51,6.95,3.39,A
23.04,19.88,40.04,High,5.59,7.13,2.65,A
25.0,25.0,50.0,Medium,6.64,6.09,3.92,A
7.47,11.83,22.63,High,4.28,5.55,1.39,F
23.89,25.0,50.0,High,4.77,8.46,3.82,A
23.75,23.75,47.5,Low,11.82,6.12,3.13,A
7.78,4.6,10.67,High,1.24,9.9,1.12,F
14.6,14.22,31.83,Low,9.62,4.0,1.08,C
18.79,22.07,42.35,High,5.28,7.27,2.43,A
25.0,25.0,50.0,Medium,6.6,5.55,3.89,A
19.47,22.16,42.69,Low,11.99,5.24,2.21,A
17.5,16.65,39.72,Medium,3.85,4.21,2.53,B
23.38,24.47,47.35,High,1.07,4.54,3.73,A
25.0,21.33,43.97,High,9.06,8.27,3.08,A
25.0,19.24,39.76,High,11.75,4.72,1.51,A
20.09,25.0,47.5,High,6.67,7.76,3.08,A
16.52,21.3,34.97,Medium,4.82,9.05,2.15,B
20.16,15.46,40.83,Medium,9.91,10.0,2.03,B
25.0,23.93,50.0,Medium,11.64,7.93,2.34,A
17.3,13.45,31.66,Medium,2.02,6.56,2.12,C
25.0,25.0,50.0,Medium,5.88,5.65,3.9,A
4.09,4.92,8.24,Medium,1.54,6.85,1.15,F
9.47,6.94,28.48,High,4.4,7.07,1.58,F
15.55,18.64,34.08,High,8.49,7.28,1.72,C
23.62,25.0,46.31,Medium,9.14,6.49,2.79,A
23.75,19.02,42.73,Low,1.8,7.19,3.86,A
19.07,11.96,25.89,Medium,3.63,5.14,1.87,D
21.57,25.0,46.27,High,11.74,6.3,2.17,A
17.18,17.19,39.57,High,6.57,5.43,1.8,B
13.55,13.28,32.36,High,1.67,5.38,1.94,D
22.96,18.8,50.0,High,4.35,8.64,3.3,A
25.0,25.0,50.0,Medium,3.48,6.03,3.96,A
22.03,14.03,39.57,Medium,4.02,8.43,2.7,B
21.46,17.09,39.62,Low,6.71,6.16,2.9,B
15.42,18.39,35.02,Medium,4.55,7.48,2.51,C
25.0,25.0,50.0,High,9.89,8.79,3.33,A
22.76,21.5,44.44,Medium,6.04,5.79,2.94,A
18.86,17.87,23.04,Low,7.0,10.0,1.88,D
16.5,18.65,28.61,High,8.15,6.07,1.32,C
23.57,24.49,45.36,Medium,11.37,6.2,2.16,A
18.34,16.88,37.81,Medium,8.03,7.77,1.83,B
23.75,23.75,47.5,Low,11.73,7.52,3.92,A
25.0,25.0,50.0,High,11.81,6.32,2.95,A
19.28,15.18,45.35,Low,6.05,7.91,3.1,B
15.99,16.84,24.04,Low,6.78,6.5,1.93,D
23.32,22.59,50.0,High,8.28,5.73,3.05,A
13.02,16.46,23.46,High,7.57,6.88,1.12,D
25.0,25.0,50.0,Medium,10.03,7.75,3.01,A
16.88,20.84,37.24,Low,3.12,4.0,2.65,B
13.62,13.61,34.8,Medium,9.32,7.44,1.27,C
5.93,10.52,19.47,Medium,1.54,4.44,1.05,F
16.31,18.39,28.68,High,1.29,8.74,1.82,C
14.02,10.63,21.5,Low,4.88,7.7,1.62,F
19.74,17.49,35.09,Medium,9.94,7.77,1.32,B
17.94,10.8,31.06,High,9.22,6.88,1.17,D
9.47,13.46,23.63,Low,7.38,4.61,1.1,F
23.75,23.75,43.05,Low,3.33,8.01,3.74,A
13.22,18.87,22.59,Medium,8.52,5.21,1.47,D
25.0,21.22,50.0,Medium,4.21,6.72,3.95,A
20.46,19.25,39.48,Low,10.85,6.9,1.8,B
18.92,19.77,46.27,Low,4.32,6.47,3.03,A
9.03,13.71,22.97,Medium,2.43,10.0,1.42,F
25.0,24.66,50.0,Medium,8.51,7.38,3.03,A
25.0,24.18,50.0,Medium,2.8,6.54,3.97,A
21.39,20.75,50.0,Medium,5.21,5.84,3.73,A
23.75,23.75,47.5,Low,11.35,6.91,3.81,A
16.77,22.27,45.1,Medium,11.03,4.86,1.8,A
13.46,21.83,29.76,Medium,10.05,7.33,1.44,C
13.05,12.58,31.11,Medium,11.01,7.12,1.05,D
25.0,25.0,50.0,High,6.53,6.12,3.75,A
14.47,14.7,24.03,Medium,1.97,6.55,2.13,D
25.0,25.0,50.0,Medium,10.03,8.18,3.96,A
24.77,25.0,50.0,High,5.9,4.93,3.53,A
11.23,11.73,21.4,Medium,4.98,8.94,1.21,F
25.0,23.04,50.0,High,7.55,9.75,3.39,A
8.73,11.1,22.03,Low,2.03,5.74,1.43,F
15.41,19.12,30.18,Low,6.57,7.62,1.96,C
10.57,0.0,14.2,Medium,1.22,6.84,1.03,F
25.0,23.0,43.91,High,5.87,7.62,3.15,A
12.55,15.72,36.46,High,7.91,8.26,1.71,C
14.76,23.1,38.29,Medium,6.37,7.27,2.34,B
20.84,25.0,45.78,High,7.22,9.42,2.46,A
18.2,16.84,36.18,Medium,3.12,6.8,2.48,B
21.01,19.13,44.89,Medium,7.95,5.8,2.6,A
20.72,18.21,44.17,Medium,9.56,7.6,2.34,A
19.81,13.3,37.72,Low,6.69,5.42,2.26,B
21.66,23.34,31.89,High,8.89,5.82,1.74,B
25.0,25.0,50.0,High,5.28,5.57,3.96,A
11.83,11.89,29.78,Low,3.58,7.41,2.23,D
17.01,15.22,29.28,Medium,9.69,4.83,1.48,C
25.0,25.0,50.0,Medium,9.92,9.33,3.31,A
23.75,23.75,47.5,Low,10.99,7.54,3.69,A
19.73,16.01,45.85,Low,11.47,8.47,1.87,A
16.84,15.1,33.38,Low,11.56,7.78,1.05,C
9.44,11.8,23.76,Medium,6.96,10.0,1.04,F
20.62,23.75,47.5,Low,6.34,8.44,3.3,A
18.68,16.14,39.27,Medium,11.59,6.06,1.47,B
25.0,25.0,50.0,Medium,11.77,5.37,3.45,A
19.17,16.31,36.41,Medium,1.98,6.01,2.64,B
12.11,16.27,23.13,Medium,7.85,8.0,1.3,D
23.75,23.75,47.5,Low,10.61,5.46,3.14,A
16.7,13.58,36.01,High,8.7,7.03,1.48,C
10.59,18.33,46.89,High,5.34,6.95,2.61,B
25.0,24.41,50.0,Medium,5.44,6.02,3.5,A
15.05,16.09,27.95,Low,4.67,6.42,2.46,D
4.13,12.49,22.58,Medium,4.55,6.91,1.11,F
20.61,15.09,34.38,Medium,3.84,5.6,2.13,B
13.79,5.38,25.59,High,5.61,5.79,1.06,F
13.51,16.95,25.39,Low,10.38,8.74,1.16,D
20.6,22.97,45.78,Low,2.39,7.36,3.72,A
25.0,25.0,50.0,Medium,6.99,7.22,3.77,A
11.18,11.28,10.62,High,1.04,7.14,1.34,F
12.77,16.83,23.26,Medium,4.13,5.68,1.45,D
23.81,25.0,50.0,High,8.01,7.72,3.8,A
20.64,22.16,38.07,Medium,6.36,7.09,2.54,A
11.58,11.81,18.7,Low,3.06,6.79,1.19,F
8.14,10.1,14.18,Medium,4.31,6.54,1.46,F
23.75,22.31,47.5,Low,1.62,9.04,3.96,A
19.97,12.69,33.78,Low,2.88,6.64,2.68,C
23.53,25.0,50.0,High,1.24,9.06,3.91,A
25.0,25.0,50.0,Medium,11.31,7.75,3.35,A
14.98,16.2,25.3,Medium,8.74,5.17,1.22,D
13.73,11.59,33.82,Medium,1.56,6.01,2.21,D
19.52,21.49,47.79,Medium,2.69,8.39,3.41,A
10.23,13.65,30.62,Low,5.03,4.21,1.57,D
23.75,23.75,47.5,Low,7.1,8.94,3.73,A
25.0,25.0,50.0,High,10.83,8.21,3.6,A
18.74,20.9,34.88,High,2.83,6.79,2.82,B
19.47,15.72,29.95,Medium,1.2,7.71,2.01,C
12.34,16.2,28.78,High,2.33,4.9,1.65,D
23.75,23.62,35.63,Low,11.21,8.18,2.05,A
20.43,23.32,42.5,Low,10.28,8.45,2.09,A
17.83,16.1,27.87,High,7.26,6.77,1.62,C
20.22,21.48,40.61,Medium,11.47,8.68,2.17,A
23.13,25.0,41.29,Medium,5.87,5.57,3.35,A
20.17,11.95,32.85,High,6.79,8.33,2.1,C
25.0,24.07,42.37,High,11.27,6.5,1.83,A
20.43,22.47,38.92,Medium,7.0,6.93,2.53,A
8.9,13.95,24.75,Medium,8.89,7.78,1.11,F
16.47,10.45,32.74,Medium,6.07,7.73,1.57,D
15.13,15.82,27.7,Medium,1.8,7.03,2.25,D
19.78,25.0,50.0,High,11.13,7.6,2.71,A
4.65,7.04,16.83,Medium,6.12,8.57,1.19,F
11.01,18.85,32.87,High,6.54,7.81,1.49,C
25.0,25.0,50.0,Medium,10.79,4.58,3.9,A
25.0,18.84,47.62,High,7.13,5.78,2.89,A
25.0,22.05,50.0,High,8.63,4.14,3.25,A
25.0,25.0,50.0,High,8.53,5.32,3.57,A
23.75,21.97,41.33,Low,11.35,6.34,2.54,A
18.83,23.79,37.38,High,5.24,7.43,2.27,A
7.84,12.82,26.67,Medium,3.89,7.98,1.17,F
25.0,25.0,50.0,Medium,10.7,7.2,3.82,A
13.99,12.46,29.43,Medium,6.82,7.06,1.38,D
10.61,13.96,26.58,Medium,1.7,9.56,2.45,D
11.53,10.99,24.42,Medium,4.82,6.1,1.12,F
14.84,13.34,24.75,Low,6.92,7.12,1.17,D
25.0,24.71,50.0,Medium,11.17,5.51,3.14,A
19.8,15.91,39.32,Low,7.85,7.78,2.45,B
18.52,15.76,40.16,Medium,8.86,5.59,2.27,B
8.82,9.63,19.98,High,3.44,7.15,1.08,F
23.75,23.75,47.5,Low,8.51,9.15,3.56,A
17.17,17.28,36.29,High,10.3,7.8,1.7,B
14.74,18.96,32.62,Low,11.98,8.8,1.2,C
23.75,23.75,47.5,Low,11.19,7.49,3.7,A
19.29,14.4,39.25,Low,7.68,5.74,2.38,B
17.94,10.9,33.87,Medium,2.59,7.02,2.51,C
23.8,25.0,48.95,Medium,8.84,7.38,3.28,A
15.44,13.79,38.19,Medium,8.67,7.02,2.07,C
16.48,15.82,27.35,Low,10.69,4.91,1.24,D
24.88,25.0,48.22,High,10.7,9.6,2.71,A
14.27,19.02,26.46,Low,1.54,4.72,2.41,D
25.0,25.0,50.0,Medium,9.24,8.16,3.56,A
21.97,25.0,46.2,Medium,7.56,7.09,2.6,A
21.92,19.41,39.85,High,10.56,5.2,1.93,A
19.95,13.85,47.23,Low,8.98,7.25,2.51,A
22.42,18.52,29.77,Medium,9.89,6.61,1.52,B
25.0,22.59,43.62,Medium,6.77,7.25,3.0,A
25.0,22.59,42.74,High,9.32,4.66,2.35,A
25.0,25.0,50.0,Medium,10.86,5.99,3.7,A
15.3,14.32,26.56,Medium,3.76,10.0,2.25,D
18.18,24.27,38.42,High,9.21,7.69,2.04,A
8.59,15.08,31.01,High,4.8,10.0,1.39,D
25.0,18.24,45.93,High,3.57,4.0,2.97,A
18.14,16.86,36.6,Medium,9.69,7.62,1.22,B
24.82,17.5,42.98,High,4.91,9.09,2.99,A
17.36,19.5,37.14,High,6.05,7.42,1.91,B
12.04,11.96,18.84,High,3.55,6.75,1.3,F
15.89,20.41,30.2,Medium,3.54,7.28,2.31,C
13.78,18.67,24.56,High,1.99,6.32,2.01,D
23.75,23.75,47.5,Low,11.38,6.99,2.69,A
15.59,18.46,33.7,High,1.81,7.81,3.04,C
9.14,11.95,13.65,Medium,1.02,6.25,1.26,F
14.25,11.91,22.62,High,4.14,6.5,1.49,F
21.8,23.75,47.5,Low,8.0,9.51,3.61,A
25.0,14.34,50.0,Medium,1.6,5.63,3.97,A
25.0,25.0,50.0,High,11.33,8.34,3.62,A
14.88,15.88,30.76,Medium,4.49,7.06,2.2,C
14.81,9.81,19.49,Medium,3.41,9.38,1.33,F
16.02,20.91,31.22,High,4.48,6.24,2.0,C
25.0,25.0,50.0,High,10.45,6.16,3.8,A
14.29,11.78,24.56,Medium,3.35,5.67,1.59,D
23.75,23.75,47.5,Low,10.95,4.0,3.76,A
21.49,13.78,38.25,Medium,1.79,6.62,2.8,B
13.82,20.77,34.58,High,1.79,6.4,2.9,C
25.0,23.47,50.0,Medium,11.54,6.39,2.73,A
13.33,18.0,28.31,Low,3.12,7.97,2.3,D
14.43,16.27,22.14,High,6.12,8.17,1.97,D
25.0,25.0,50.0,Medium,11.23,4.34,3.7,A
8.31,14.32,25.7,Low,3.2,7.54,1.69,F
18.22,18.12,36.66,High,5.58,6.19,2.45,B
23.69,21.23,50.0,Medium,11.02,8.71,2.14,A
13.99,15.26,19.6,Medium,5.43,6.58,1.12,F
10.17,15.56,32.75,High,2.42,9.38,2.28,D
19.47,20.9,47.37,High,9.93,7.57,1.93,A
3.58,7.77,26.27,High,3.52,4.0,1.41,F
18.92,25.0,50.0,High,8.73,7.64,3.03,A
18.38,10.14,21.96,High,2.39,6.79,1.89,D
11.58,22.96,39.14,Medium,1.67,7.8,2.81,B
22.07,20.15,41.07,Low,1.43,7.43,3.31,A
15.36,15.61,32.62,Medium,5.72,8.09,1.91,C
25.0,25.0,50.0,Medium,11.03,6.37,3.0,A
21.45,21.7,50.0,Medium,4.86,6.08,3.3,A
12.37,15.14,26.16,Medium,3.11,6.03,1.84,D
25.0,25.0,48.28,High,7.06,6.47,3.24,A
17.3,25.0,40.56,Medium,4.13,8.09,3.0,A
18.13,23.59,35.32,Medium,6.91,7.61,2.35,B
25.0,25.0,50.0,High,5.21,7.07,3.8,A
17.05,20.96,37.79,Low,6.39,8.04,2.45,B
23.32,23.75,44.47,Low,9.56,6.99,3.03,A
11.3,13.89,21.22,Medium,5.02,7.02,1.55,F
20.22,25.0,43.95,Medium,8.01,9.26,2.72,A
23.54,23.75,38.21,Low,8.13,6.62,2.45,A
15.54,13.91,37.76,Medium,11.16,7.48,1.27,C
10.51,11.6,19.51,High,3.6,6.84,1.13,F
15.04,7.99,19.16,High,3.69,8.15,1.08,F
17.61,21.1,35.43,High,6.69,7.14,1.57,B
14.83,14.13,34.68,Low,6.3,7.26,2.23,C
23.75,19.68,41.15,Low,8.38,8.43,2.38,A
22.06,19.47,42.76,High,2.39,6.83,3.01,A
25.0,23.37,50.0,Medium,9.29,7.35,3.16,A
25.0,25.0,50.0,Medium,10.79,6.4,3.89,A
25.0,25.0,46.66,Medium,9.03,7.12,2.74,A
25.0,21.45,50.0,Medium,6.04,8.31,3.58,A
21.17,16.71,40.34,Medium,2.07,4.85,3.25,B
25.0,25.0,50.0,Medium,9.48,4.0,3.34,A
18.66,22.68,45.96,Medium,7.16,9.02,2.82,A
16.23,18.3,33.63,High,9.43,5.32,1.39,C
14.59,11.94,37.16,Low,11.27,6.25,1.34,C
12.97,16.61,37.75,Medium,2.88,10.0,2.37,C
25.0,25.0,50.0,High,11.31,7.92,3.14,A
4.56,11.88,29.57,Low,5.87,6.17,1.03,F
25.0,25.0,50.0,Medium,8.28,7.6,3.61,A
17.04,18.94,34.25,High,9.94,7.96,1.49,B
15.09,21.24,29.74,Low,1.56,6.09,2.66,C
18.8,12.23,33.87,High,1.0,5.34,3.01,C
23.75,23.75,47.5,Low,8.06,6.58,3.89,A
22.05,25.0,50.0,Medium,7.67,7.42,3.28,A
20.05,21.9,42.45,High,11.43,5.54,1.85,A
10.92,16.79,31.34,Low,11.76,7.51,1.48,D
16.18,20.5,35.75,High,4.02,7.77,2.29,B
12.6,20.3,23.43,Low,4.99,10.0,1.91,D
21.04,16.66,39.27,Low,1.75,5.05,3.11,B
12.29,20.03,41.91,High,10.48,5.09,1.65,B
24.39,25.0,42.44,Medium,11.38,7.14,2.6,A
19.55,21.48,40.16,High,6.18,6.11,2.36,A
19.92,18.24,36.25,High,2.85,9.73,2.63,B
23.63,16.99,42.85,Medium,10.35,7.49,2.62,A
25.0,25.0,48.16,Medium,8.42,8.03,3.7,A
23.69,19.98,33.77,Medium,1.98,6.58,2.77,B
25.0,25.0,50.0,Medium,4.15,9.04,3.93,A
12.63,13.63,26.02,Low,1.68,9.66,1.83,D
18.36,13.69,28.59,Medium,5.0,4.0,2.21,C
13.03,19.88,33.71,Medium,10.08,7.94,1.76,C
15.99,21.1,44.11,Medium,5.29,6.05,3.07,A
20.48,24.07,48.58,Medium,8.32,7.33,2.99,A
10.88,13.28,26.75,Low,4.08,5.63,1.68,D
21.5,15.34,38.67,Medium,8.79,5.48,2.02,B
12.59,22.04,31.1,Medium,3.95,5.75,2.31,C
15.21,15.04,43.81,High,5.04,6.43,2.44,B
24.03,25.0,47.56,Medium,7.76,4.0,2.95,A
13.6,17.75,38.97,High,1.14,5.35,3.0,B
20.8,19.03,43.6,Medium,5.44,7.61,2.49,A
15.53,12.89,22.94,Medium,5.37,7.73,1.33,D
25.0,25.0,42.23,High,6.97,5.71,3.01,A
25.0,24.38,50.0,High,11.23,8.27,2.82,A
17.42,10.53,40.62,Low,9.66,7.66,1.72,C
24.84,20.7,35.76,Medium,7.74,6.7,2.06,A
12.4,13.42,19.44,Medium,3.47,8.75,1.36,F
17.05,14.82,36.01,Low,5.33,6.21,2.21,C
25.0,25.0,50.0,Medium,11.4,10.0,3.11,A
16.47,17.05,26.25,Medium,6.59,7.49,1.57,D
25.0,18.6,50.0,High,6.5,6.04,3.16,A
9.79,9.13,20.92,Medium,2.85,8.82,1.03,F
18.89,14.33,32.47,Low,1.01,6.15,2.18,C
17.42,18.15,35.58,Low,1.82,5.17,2.57,B
19.47,12.01,33.65,High,7.38,5.24,1.53,C
10.41,12.98,21.8,Medium,3.32,6.18,2.01,F
25.0,25.0,50.0,Medium,11.68,5.71,3.23,A
25.0,22.43,45.39,High,8.16,9.49,2.54,A
20.55,21.92,47.6,High,4.58,4.74,2.81,A
5.92,2.31,13.15,Medium,1.26,6.23,1.17,F
25.0,18.65,50.0,Medium,6.66,8.23,3.07,A
24.52,25.0,50.0,Medium,8.36,7.85,3.15,A
23.08,22.01,36.45,Medium,4.93,8.28,2.5,A
25.0,25.0,50.0,High,7.17,7.72,3.31,A
23.71,23.75,45.75,Low,1.81,10.0,3.89,A
12.46,12.56,30.58,High,9.45,7.8,1.28,D
25.0,23.4,46.31,Medium,11.3,5.66,2.78,A
25.0,25.0,50.0,Medium,9.26,6.29,3.99,A
25.0,25.0,50.0,High,6.91,4.68,3.29,A
16.09,18.82,33.13,Medium,11.5,7.45,1.22,C
24.27,22.04,49.87,High,1.06,8.11,3.79,A
18.67,17.31,35.69,Low,2.55,5.35,2.58,B
10.3,15.88,34.59,Low,7.64,5.71,1.24,C
13.55,17.77,29.77,Medium,9.16,7.58,1.51,C
19.2,16.38,34.45,High,3.72,7.22,2.28,B
21.47,22.44,31.48,Medium,1.96,8.24,2.84,B
21.12,15.35,27.1,High,2.13,5.28,2.13,C
13.13,13.11,14.76,Medium,1.28,8.74,2.0,F
14.29,16.28,30.92,Low,10.67,6.67,1.09,C
11.27,8.06,29.87,Medium,7.4,8.3,1.07,F
12.1,11.82,31.36,Low,11.31,7.67,1.0,D
7.16,10.48,16.51,Medium,1.23,7.16,1.77,F
25.0,25.0,50.0,Medium,10.97,6.08,3.82,A
25.0,17.54,41.54,High,10.42,6.41,2.35,A
25.0,25.0,50.0,Medium,2.74,6.54,3.63,A
23.6,19.44,43.97,Low,5.83,7.58,2.7,A
18.98,12.83,29.24,Low,2.3,8.44,2.48,C
17.9,18.3,32.95,Medium,5.63,8.53,2.49,C
25.0,25.0,47.39,Medium,3.13,9.37,3.92,A
23.75,12.6,33.89,Low,1.49,7.84,2.94,B
16.72,13.09,32.3,Medium,4.48,9.06,2.18,C
18.9,24.04,49.32,High,10.34,8.45,2.47,A
14.72,12.66,26.84,High,3.96,4.0,1.66,D
25.0,22.93,50.0,Medium,5.54,5.4,3.64,A
18.4,21.55,42.3,Low,2.96,7.96,3.14,A
20.59,17.34,33.8,Medium,4.71,8.64,2.79,B
15.55,17.56,42.78,Medium,5.0,8.16,2.43,B
25.0,25.0,50.0,High,4.07,7.54,3.8,A
20.9,23.75,43.52,Low,2.65,5.38,3.49,A
17.61,16.47,31.53,Medium,1.34,7.63,2.79,C
23.75,23.75,47.5,Low,6.68,8.53,3.72,A
11.31,7.89,27.2,Medium,3.32,8.0,1.6,F
19.28,25.0,42.15,High,9.71,5.3,2.36,A
13.95,11.02,23.84,Medium,4.0,6.17,1.35,F
14.88,24.1,38.62,High,2.05,8.29,3.06,B
25.0,18.14,44.13,High,1.44,5.37,3.08,A
25.0,24.55,50.0,Medium,6.21,6.99,3.32,A
25.0,23.8,50.0,Medium,5.52,4.68,3.4,A
23.09,23.55,48.38,Medium,4.89,7.13,3.42,A
17.91,24.63,39.62,Medium,10.41,6.14,1.81,A
13.86,13.8,28.66,Low,10.57,7.11,1.09,D
24.38,19.97,50.0,Medium,5.37,8.23,3.4,A
12.87,18.12,45.73,Low,11.44,4.68,1.77,B
22.07,20.8,41.03,High,5.56,4.86,2.31,A
18.12,19.31,40.14,Medium,5.07,6.72,2.76,B
25.0,21.79,50.0,High,8.27,7.65,3.05,A
23.75,18.54,43.31,Low,1.91,6.81,3.72,A
23.75,23.75,47.5,Low,7.65,9.35,3.4,A
16.09,18.87,38.11,Medium,11.71,8.21,1.92,B
11.92,15.44,23.94,Medium,6.83,8.38,1.52,D
7.17,9.91,18.83,High,2.4,9.01,1.0,F
25.0,25.0,50.0,Medium,5.11,7.8,3.91,A
9.65,18.34,29.45,High,2.32,6.66,1.86,D
16.51,12.21,23.93,Medium,3.77,4.5,1.96,D
23.75,20.44,47.5,Low,11.59,4.99,3.35,A
15.33,12.27,27.29,Medium,8.54,9.12,1.16,D
20.14,15.09,32.51,Medium,8.02,6.31,1.9,C
22.08,18.4,32.21,Medium,11.3,5.44,1.72,B
10.31,16.84,24.92,Medium,5.16,7.19,1.62,D
19.28,10.96,26.67,High,5.48,6.44,1.57,D
11.53,8.12,20.17,Low,4.36,6.53,1.18,F
14.68,14.98,38.63,Medium,6.57,7.58,2.14,C
13.87,5.29,19.64,High,2.07,6.5,1.58,F
25.0,21.34,40.65,Medium,6.78,7.29,2.77,A
20.76,25.0,50.0,High,8.73,8.77,2.64,A
7.55,12.84,24.92,Medium,5.53,7.26,1.07,F
25.0,25.0,50.0,High,11.14,7.74,3.39,A
14.57,5.48,16.54,High,3.02,8.94,1.26,F
14.43,9.79,7.9,Medium,1.77,7.51,1.32,F
16.88,8.98,27.61,Medium,1.29,8.75,2.19,D
9.52,9.16,21.72,Medium,1.82,8.88,1.05,F
18.1,12.14,28.44,High,10.11,6.26,1.09,D
11.31,16.03,33.45,Medium,5.6,6.45,2.01,C
19.32,18.72,30.13,High,4.29,6.98,2.19,C
20.82,24.48,45.03,Medium,3.27,9.1,3.09,A
25.0,25.0,40.06,High,5.75,5.37,3.41,A
25.0,24.2,50.0,Medium,10.04,6.3,3.36,A
18.93,23.98,41.73,High,1.54,5.55,3.49,A
15.15,16.67,30.91,Low,1.57,4.68,2.59,C
24.38,25.0,37.52,Medium,9.4,5.14,2.55,A
23.78,23.47,43.53,Medium,7.39,9.61,3.23,A
16.23,19.53,36.93,Medium,2.88,6.99,2.54,B
14.89,17.71,36.86,Low,7.55,8.44,2.0,C
22.44,24.34,45.46,High,5.95,8.06,2.77,A
13.36,21.07,42.44,Medium,6.0,6.94,2.62,B
20.55,17.4,33.34,Low,5.97,5.3,2.05,B
11.58,10.53,22.52,Low,3.51,6.41,1.76,F
13.88,10.23,29.69,Low,7.46,6.82,1.6,D
13.69,22.02,35.47,Medium,3.97,5.6,2.24,B
23.75,23.75,47.5,Low,10.45,5.97,2.7,A
18.29,23.75,43.4,Low,11.39,7.45,2.32,A
25.0,25.0,50.0,Medium,10.92,7.28,3.89,A
5.25,8.37,19.57,Medium,3.42,8.05,1.05,F
14.49,13.8,28.74,Medium,8.15,7.46,1.26,D
19.43,19.74,41.52,Medium,2.01,7.4,3.3,A
18.76,22.92,41.87,Low,11.32,4.33,2.41,A
17.07,13.37,30.16,High,4.09,7.7,1.93,C
13.15,20.33,33.0,High,8.17,8.2,1.56,C
25.0,22.52,50.0,Medium,5.98,7.05,3.54,A
23.86,22.39,43.5,Medium,9.59,6.49,2.33,A
25.0,25.0,50.0,Medium,6.95,8.29,3.36,A
25.0,25.0,48.63,Medium,8.25,4.66,3.41,A
12.76,20.83,37.87,Low,11.06,5.67,1.29,B
12.69,15.09,29.01,High,7.53,8.11,1.2,D
21.81,25.0,47.62,Medium,6.34,4.76,3.65,A
15.69,13.48,28.04,High,3.95,5.46,1.86,D
9.96,11.95,13.44,High,3.97,4.0,1.18,F
25.0,25.0,50.0,Medium,9.39,6.98,3.62,A
23.27,25.0,50.0,Medium,9.14,7.42,3.72,A
21.12,17.9,50.0,High,8.86,5.77,2.26,A
20.37,17.26,40.6,High,8.04,7.01,1.75,B
11.22,14.61,29.45,Medium,7.65,8.8,1.06,D
13.76,9.27,21.39,Medium,1.38,9.1,1.66,F
19.02,22.46,49.48,High,7.65,4.44,2.82,A
15.23,19.8,34.21,Low,5.84,5.04,2.35,C
21.11,9.06,30.2,Medium,7.42,6.39,1.68,C
25.0,24.83,50.0,Medium,5.77,9.75,3.64,A
21.07,17.71,38.72,Medium,2.95,6.37,3.12,B
23.75,19.71,47.5,Low,6.87,4.34,3.13,A
12.35,9.34,21.5,Medium,1.96,8.25,1.95,F
11.86,13.01,33.29,Medium,6.71,5.51,1.04,D
25.0,25.0,50.0,Medium,10.11,7.05,3.78,A
15.33,20.11,31.09,High,1.75,9.77,2.51,C
25.0,25.0,50.0,Medium,10.3,6.93,3.67,A
23.53,24.3,39.21,Medium,3.42,6.32,3.26,A
12.47,17.33,21.49,Low,4.13,5.68,2.07,D
23.75,23.75,47.44,Low,5.3,9.71,3.95,A
11.47,15.1,31.02,Medium,1.59,5.74,2.3,D
9.87,8.71,23.69,Low,3.77,4.79,1.59,F
14.78,14.85,25.06,Medium,8.39,5.53,1.06,D
5.77,16.12,21.46,Medium,3.8,8.75,1.51,F
19.32,22.64,31.87,Medium,10.44,4.0,1.43,B
22.05,18.6,33.38,Medium,1.97,5.02,3.2,B
17.57,12.64,25.57,Low,6.57,4.46,1.41,D
25.0,25.0,50.0,High,8.55,5.05,3.98,A
25.0,25.0,50.0,Medium,4.81,4.2,3.54,A
13.23,16.6,23.17,High,1.92,8.76,2.03,D
20.95,14.21,35.07,Medium,3.88,7.03,2.17,B
15.33,12.68,25.96,Medium,6.53,6.49,1.13,D
11.89,20.39,26.52,High,9.06,6.95,1.06,D
23.75,23.75,47.5,Low,6.3,7.04,3.07,A
23.75,23.75,47.5,Low,7.77,8.28,3.58,A
19.33,18.2,35.47,Low,11.09,6.17,2.05,B
23.0,18.52,44.57,Low,5.87,8.41,2.76,A
23.19,19.49,41.98,Low,4.42,7.6,3.09,A
5.95,8.62,15.77,Medium,2.54,7.79,1.03,F
25.0,25.0,50.0,High,9.59,9.17,3.74,A
25.0,25.0,50.0,High,11.85,4.0,2.66,A
23.96,25.0,50.0,Medium,5.88,7.6,3.49,A
14.7,15.62,27.28,Medium,7.54,6.24,1.47,D
19.47,21.38,39.22,Medium,7.7,5.83,3.0,A
25.0,25.0,50.0,Medium,11.22,7.83,3.59,A
17.87,18.22,47.23,Medium,1.06,7.6,3.47,A
16.92,25.0,50.0,Medium,10.38,6.61,2.83,A
22.87,25.0,50.0,High,7.51,5.59,2.98,A
6.66,14.29,28.4,Medium,1.88,9.01,1.82,F
21.84,25.0,41.1,Medium,9.3,6.77,2.0,A
24.9,23.37,45.89,Medium,7.46,6.68,3.45,A
18.57,21.13,34.8,High,2.82,9.52,2.54,B
20.94,25.0,35.63,Medium,4.75,7.93,2.89,A
12.81,13.07,27.26,Low,1.92,6.55,2.1,D
19.9,13.58,43.14,Medium,10.59,4.0,1.82,B
21.58,14.79,39.52,Medium,11.97,6.35,1.34,B
21.59,22.23,38.72,Low,8.92,6.43,2.36,A
19.65,20.95,47.53,Medium,11.74,4.1,1.95,A
25.0,25.0,50.0,High,6.68,4.34,3.86,A
25.0,25.0,50.0,Medium,10.45,9.03,3.85,A
18.46,19.98,38.05,Medium,6.11,9.3,2.51,B
22.5,22.67,36.98,High,5.07,7.99,2.55,A
14.69,20.5,32.89,Medium,6.17,5.45,2.01,C
24.2,25.0,50.0,Medium,3.48,6.83,3.94,A
25.0,18.04,44.87,Medium,10.59,8.59,2.54,A
21.83,19.81,44.68,Medium,2.49,5.6,3.15,A
22.48,25.0,50.0,Medium,6.81,6.14,3.83,A
25.0,25.0,50.0,High,11.32,7.45,3.96,A
25.0,24.61,45.24,Medium,11.58,9.51,2.18,A
14.66,21.93,46.41,Medium,9.54,6.43,1.81,A
22.11,16.89,25.82,High,3.18,5.37,2.21,C
17.12,25.0,35.41,Medium,5.5,5.32,2.22,B
16.67,14.9,26.4,High,2.39,6.71,1.51,D
24.28,25.0,46.37,Medium,9.46,5.5,2.91,A
17.71,17.24,34.13,Low,10.41,5.96,1.81,C
19.35,20.62,47.5,Low,7.19,5.89,3.39,A
25.0,25.0,50.0,High,8.93,6.37,3.11,A
25.0,25.0,50.0,Medium,8.46,10.0,3.88,A
25.0,25.0,50.0,Medium,1.84,7.25,3.8,A
25.0,24.56,49.38,Medium,1.71,5.75,3.83,A
19.15,21.89,38.23,High,3.93,8.3,2.6,B
22.8,23.75,43.13,Low,6.24,9.05,3.21,A
4.76,11.77,20.41,Medium,2.11,8.61,1.06,F
15.69,22.97,47.36,High,6.42,5.53,3.11,A
16.22,10.91,21.68,Medium,7.97,5.85,1.13,F
17.13,7.15,35.54,Low,9.52,9.15,1.51,D
19.61,20.44,39.54,Medium,1.49,5.32,3.43,B
19.25,25.0,45.49,Medium,8.3,4.29,2.57,A
8.19,8.46,18.67,Medium,1.88,9.21,1.07,F
25.0,25.0,50.0,Medium,5.45,9.09,3.46,A
25.0,25.0,50.0,High,10.92,6.97,3.85,A
23.75,18.76,40.99,Low,9.23,5.47,2.52,A
18.1,8.88,36.85,High,4.85,5.09,1.79,C
19.03,25.0,42.38,High,3.31,8.0,3.18,A
18.99,24.57,36.87,Medium,9.91,9.25,2.01,A
15.74,10.96,35.93,High,7.96,9.96,1.63,C
23.75,23.75,47.5,Low,9.38,6.49,3.53,A
10.68,12.66,25.19,High,1.86,8.25,1.6,F
21.61,20.82,50.0,Medium,10.13,7.81,2.56,A
25.0,25.0,50.0,Medium,9.7,6.72,3.42,A
25.0,18.66,50.0,High,5.5,4.0,3.09,A
25.0,25.0,50.0,Medium,11.04,5.63,3.63,A
10.44,4.35,27.94,Low,1.09,4.35,2.13,F
14.29,9.02,27.53,Medium,2.84,4.87,1.9,D
16.06,13.2,33.3,High,8.38,5.96,1.47,C
16.48,18.57,25.28,Medium,6.8,9.25,1.79,C
25.0,25.0,50.0,Medium,9.55,7.61,3.85,A
13.2,13.22,29.1,Medium,8.71,8.14,1.57,D
11.74,11.37,23.14,Low,8.87,4.0,1.0,F
13.23,13.32,42.77,High,11.68,5.71,1.13,C
9.48,7.24,24.85,High,3.08,8.26,1.44,F
17.75,22.95,27.5,Low,8.52,7.29,2.03,C
21.17,24.26,48.08,High,8.59,4.73,2.4,A
25.0,25.0,50.0,Medium,10.89,7.0,3.41,A
13.38,5.0,31.53,Medium,2.97,6.87,2.05,F
18.35,16.29,29.14,High,6.68,4.0,1.64,C
14.23,10.09,24.3,Medium,7.7,7.09,1.27,F
23.75,22.91,38.19,Low,7.86,8.01,3.09,A
17.16,19.57,41.85,High,7.71,6.85,1.97,B
21.26,16.79,29.89,High,11.88,4.0,1.28,C
20.22,23.75,42.68,Low,9.52,5.05,2.9,A
19.01,17.16,37.57,Low,4.68,9.02,2.41,B
23.75,23.75,47.5,Low,10.09,7.46,2.94,A
9.6,10.72,31.78,Medium,8.6,7.4,1.22,D
22.57,21.41,50.0,Medium,10.07,5.6,2.49,A
21.71,15.46,39.8,Medium,1.56,5.16,3.23,B
21.3,18.39,34.37,Medium,9.7,6.03,2.07,B
16.25,13.65,40.64,Medium,6.48,8.0,2.13,B
25.0,25.0,50.0,Medium,6.43,6.65,3.44,A
19.44,18.73,32.83,High,11.81,7.91,1.31,B
13.37,19.69,34.58,Medium,1.79,4.46,2.33,C
24.37,20.37,47.06,Medium,1.52,5.9,3.62,A
14.25,13.31,28.71,High,3.19,6.37,1.86,D
22.01,14.64,36.05,Low,4.54,9.24,2.5,B
17.7,17.18,38.8,Medium,3.21,4.69,2.77,B
23.75,23.75,41.86,Low,11.39,7.59,2.69,A
14.01,8.96,22.81,Medium,1.43,9.21,1.79,F
23.75,16.43,35.42,Low,5.27,7.13,3.09,B
16.82,20.05,25.26,Medium,1.26,6.39,2.52,C
16.11,17.83,37.18,High,5.21,6.5,1.89,B
20.0,24.36,40.97,Medium,7.07,7.94,2.28,A
14.57,16.29,35.62,High,8.87,6.94,1.65,C
15.92,18.91,33.84,Low,7.1,4.68,2.06,C
19.27,15.26,34.48,Medium,3.37,9.31,2.5,C
23.23,23.32,47.5,Low,9.1,9.48,3.14,A
25.0,23.23,50.0,Medium,9.21,8.28,3.35,A
17.9,20.23,36.94,High,8.57,5.53,1.8,B
23.58,18.58,44.18,Medium,3.44,7.5,3.31,A
25.0,24.08,48.04,High,9.37,6.24,2.9,A
21.87,21.41,49.29,Medium,9.73,4.85,2.26,A
17.04,18.97,32.74,Medium,5.32,7.22,2.1,C
14.6,9.5,38.84,Low,6.52,7.78,1.63,C
25.0,25.0,50.0,Medium,8.1,9.83,3.78,A
25.0,25.0,50.0,Medium,9.13,5.91,3.37,A
23.68,25.0,50.0,Medium,8.66,4.9,3.87,A
23.75,23.75,47.5,Low,8.46,4.41,3.25,A
25.0,23.77,50.0,Medium,8.27,7.45,3.31,A
25.0,25.0,50.0,High,4.23,8.52,3.97,A
25.0,22.53,40.45,Medium,6.54,6.95,2.77,A
19.03,22.22,32.55,Low,4.65,6.52,2.68,B
19.56,25.0,50.0,Medium,2.92,5.01,3.73,A
10.2,14.08,24.38,Medium,1.64,4.12,1.27,F
22.59,21.45,39.08,Low,11.3,7.75,2.1,A
19.22,19.95,33.15,Low,8.89,7.43,1.89,B
23.79,25.0,50.0,High,8.48,7.17,3.15,A
22.05,19.45,41.26,Low,10.29,5.76,2.17,A
17.24,20.6,45.12,Low,11.32,8.48,2.35,A
19.55,20.48,47.5,Low,6.85,6.54,2.84,A
25.0,25.0,50.0,High,9.24,5.23,3.62,A
22.32,16.6,26.65,Medium,6.63,6.04,1.81,C
15.92,17.21,29.03,High,4.84,4.83,1.5,C
25.0,20.27,40.3,Medium,6.33,7.49,2.71,A
20.16,18.45,40.59,Low,2.49,4.96,3.25,B
25.0,25.0,50.0,Medium,11.46,6.6,3.49,A
25.0,25.0,50.0,Medium,7.14,4.0,3.61,A
19.54,22.24,41.28,High,2.37,5.31,3.46,A
19.08,17.37,32.41,Medium,7.68,7.45,1.53,C
25.0,25.0,50.0,Medium,11.21,6.31,3.19,A
11.7,13.17,22.76,High,1.31,8.11,1.53,F
18.15,21.3,43.0,Medium,10.83,4.77,2.03,A
25.0,25.0,50.0,Medium,7.81,4.0,3.29,A
14.08,21.2,34.52,High,5.92,7.67,2.43,C
15.29,20.18,32.48,Medium,8.19,8.73,1.44,C
20.11,16.75,47.24,Medium,11.81,10.0,1.91,A
23.75,23.75,47.5,Low,6.47,6.28,2.97,A
15.13,11.11,22.84,Low,3.43,8.7,1.68,F
24.3,23.88,50.0,Medium,8.93,5.49,2.77,A
10.32,11.59,25.92,Medium,3.87,9.83,1.67,F
7.23,10.14,20.76,Low,2.89,6.56,1.28,F
25.0,21.32,49.67,High,1.8,8.36,3.16,A
25.0,25.0,50.0,Medium,3.56,9.89,3.98,A
16.52,19.19,39.2,Medium,1.35,7.86,2.66,B
25.0,25.0,50.0,High,6.71,5.58,3.35,A
12.56,12.54,38.0,Medium,9.75,8.47,1.16,C
19.03,16.55,39.34,High,5.31,4.0,2.42,B
13.99,18.86,35.67,Low,6.71,9.25,2.37,C
17.47,22.64,50.0,Medium,9.0,5.03,2.88,A
23.7,23.76,42.62,High,10.34,8.42,2.48,A
15.48,16.0,27.03,Medium,10.78,7.95,1.06,D
11.74,11.47,28.04,Low,6.73,6.27,1.7,D
21.98,21.52,39.72,Low,2.84,6.48,3.37,A
21.56,25.0,48.89,High,10.97,7.14,2.71,A
25.0,25.0,50.0,High,8.98,7.85,3.04,A
15.77,19.43,33.48,Medium,6.64,9.0,1.79,C
25.0,19.39,49.12,High,4.66,4.77,3.32,A
17.0,13.98,26.82,High,3.93,8.27,1.95,D
11.73,11.08,27.79,High,5.43,7.01,1.12,D
15.62,14.81,19.03,Medium,8.5,5.98,1.25,F
17.43,16.2,42.0,Medium,5.96,6.44,1.93,B
19.64,21.11,46.28,Medium,4.97,6.76,3.49,A
18.66,25.0,36.72,Medium,2.58,6.8,2.86,A
25.0,25.0,50.0,High,11.02,7.42,3.54,A
25.0,25.0,46.72,High,4.4,10.0,3.72,A
11.57,17.17,29.97,Low,8.76,5.9,1.67,D
17.47,18.35,29.29,Medium,3.56,7.24,2.24,C
20.21,17.01,47.48,High,2.83,6.42,3.08,A
14.93,14.15,24.77,Low,7.22,4.0,1.38,D
25.0,25.0,50.0,Medium,6.73,6.83,3.78,A
23.75,23.75,47.5,Low,5.15,6.35,3.36,A
20.96,17.93,24.41,Medium,7.62,7.45,2.1,C
23.75,23.75,47.5,Low,6.43,7.98,3.99,A
22.65,23.16,46.19,High,3.8,8.5,3.12,A
22.18,23.75,44.3,Low,7.0,10.0,2.94,A
15.97,15.82,36.78,Medium,2.89,4.66,2.48,C
17.94,22.43,41.45,High,2.69,6.78,2.83,A
23.75,20.58,47.5,Low,8.68,5.0,3.48,A
20.03,24.41,41.98,High,4.6,7.37,2.8,A
13.2,16.15,27.91,Medium,8.06,4.23,1.25,D
19.79,19.33,33.07,Medium,4.79,9.3,2.37,B
23.79,25.0,45.71,High,6.24,4.98,3.03,A
13.14,11.85,19.17,Medium,6.76,4.16,1.06,F
23.68,21.0,39.34,Medium,9.78,7.4,2.08,A
23.43,21.54,41.82,Medium,5.79,5.88,3.14,A
21.65,25.0,50.0,Medium,9.46,6.42,3.08,A
14.34,21.49,42.68,Medium,2.83,6.05,2.84,B
15.55,21.39,37.72,Medium,5.98,5.46,2.3,B
23.73,16.23,39.83,Medium,5.87,7.46,1.98,B
23.65,25.0,50.0,Medium,6.88,6.28,3.12,A
19.21,16.94,29.89,High,1.78,5.82,2.75,C
14.1,10.82,30.21,Medium,7.19,8.15,1.27,D
25.0,25.0,50.0,High,5.5,5.22,3.72,A
19.3,24.09,37.56,Medium,7.33,6.63,2.21,A
16.89,14.17,36.47,High,8.76,8.84,1.14,C
25.0,24.12,49.61,Medium,4.26,6.98,3.54,A
18.59,19.51,40.65,Medium,7.09,7.15,2.42,B
11.63,14.48,34.01,Medium,9.54,8.16,1.42,C
16.96,20.59,44.19,Low,7.71,5.33,2.64,A
25.0,25.0,50.0,Medium,5.44,7.57,3.73,A
18.6,17.36,46.81,Low,9.27,7.03,2.61,A
18.65,19.89,47.5,Low,2.48,7.35,3.62,A
25.0,25.0,50.0,High,8.19,8.78,3.89,A
23.29,21.75,50.0,Medium,3.42,6.48,3.23,A
22.47,25.0,47.08,Medium,3.92,7.27,3.25,A
25.0,25.0,50.0,Medium,10.29,4.0,3.48,A
25.0,15.83,42.87,Medium,7.21,5.47,2.34,A
14.93,15.05,34.32,Medium,11.0,8.42,1.3,C
11.4,17.68,23.79,Medium,4.14,4.25,1.56,D
14.25,15.56,30.85,Medium,9.79,7.29,1.21,C
25.0,25.0,50.0,High,6.26,6.69,3.9,A
25.0,25.0,47.5,Medium,2.06,7.5,3.95,A
22.74,16.75,40.79,High,4.16,4.64,2.67,A
25.0,22.4,50.0,Medium,8.63,5.34,3.66,A
16.89,25.0,46.53,High,10.38,5.98,2.09,A
18.02,15.01,33.89,Low,3.47,4.67,2.46,C
20.58,24.44,41.88,High,7.38,6.58,2.35,A
23.87,19.67,47.52,Medium,7.14,5.91,2.82,A
22.84,16.1,38.99,Low,8.81,6.05,2.02,B
25.0,21.97,50.0,Medium,7.46,6.61,2.89,A
18.72,18.36,36.18,Medium,3.23,7.01,2.3,B
21.94,23.75,46.76,Low,8.95,8.69,3.12,A
18.72,16.62,47.5,Low,2.44,5.95,3.46,A
9.44,7.67,26.45,High,4.86,9.07,1.29,F
23.75,23.75,47.5,Low,9.33,7.28,2.93,A
19.13,21.15,42.6,Medium,3.22,9.89,3.1,A
11.28,16.61,31.01,High,11.17,5.68,1.08,D
19.62,17.22,31.82,High,6.57,10.0,1.77,C
25.0,25.0,50.0,High,6.19,8.63,3.56,A
22.79,23.75,47.5,Low,11.32,7.79,3.67,A
18.38,16.67,37.48,High,7.12,7.19,1.84,B
7.1,15.16,28.42,Medium,2.19,6.07,2.02,D
19.31,14.99,37.7,High,4.09,7.15,2.76,B
23.75,20.87,47.5,Low,5.12,7.2,3.8,A
14.83,5.84,19.92,High,4.13,6.53,1.17,F
18.79,20.36,28.21,Medium,6.66,9.63,1.94,C
16.36,21.74,50.0,High,5.56,6.84,2.42,A
15.69,20.13,34.98,Medium,8.88,8.79,1.82,B
22.24,24.4,50.0,High,10.6,9.2,2.73,A
21.62,20.57,30.38,Low,10.95,5.25,1.58,B
15.9,19.97,34.83,Low,8.48,8.58,2.02,B
25.0,19.36,41.87,High,7.13,6.67,3.11,A
23.75,23.75,44.5,Low,2.82,5.14,3.67,A
24.94,25.0,50.0,Medium,3.71,7.19,3.84,A
22.96,20.76,34.63,Medium,7.26,5.53,2.37,B
11.53,12.71,25.12,Low,1.42,9.35,1.64,F
25.0,25.0,50.0,High,6.28,8.3,3.55,A
15.75,22.93,44.44,Low,6.86,7.49,2.69,A
22.79,22.37,46.42,Medium,4.93,6.46,3.03,A
25.0,25.0,50.0,High,8.37,8.36,3.77,A
22.69,18.73,41.36,Low,7.23,7.97,2.38,A
25.0,25.0,50.0,Medium,7.69,7.61,3.84,A
14.71,13.86,38.85,Low,8.84,5.68,2.11,C
25.0,25.0,50.0,Medium,11.87,5.8,3.41,A
22.6,15.62,37.22,High,1.98,7.36,3.26,B
23.75,19.77,44.29,Low,5.05,6.04,3.73,A
13.82,12.34,40.57,High,10.01,8.19,1.39,C
25.0,19.74,43.24,Medium,10.95,6.59,2.18,A
20.66,21.37,39.28,High,4.46,7.7,2.41,A
19.26,22.96,41.27,Low,9.08,5.06,2.09,A
23.75,14.13,44.55,Low,3.3,7.28,2.92,A
25.0,17.14,41.17,Medium,9.21,8.71,2.32,A
20.36,19.73,49.7,High,10.36,9.78,2.34,A
15.21,10.83,17.26,High,4.41,6.36,1.49,F
23.75,23.75,47.5,Low,10.4,6.55,3.59,A
23.22,23.03,36.18,Low,11.37,5.27,1.93,A
25.0,25.0,50.0,Medium,9.38,4.8,3.5,A
17.01,17.6,33.47,High,10.28,8.03,1.26,C
25.0,25.0,47.49,Medium,11.75,8.42,2.8,A
23.75,18.94,43.52,Low,7.68,6.09,2.92,A
25.0,20.02,50.0,Medium,4.6,7.36,3.51,A
25.0,25.0,50.0,Medium,9.54,5.89,3.75,A
18.72,15.13,36.81,High,1.48,9.78,2.98,B
15.94,15.72,24.23,Medium,1.72,4.28,2.32,D
25.0,25.0,50.0,Medium,11.37,7.37,3.11,A
22.92,19.99,32.41,Medium,3.05,6.55,2.88,B
14.03,16.84,34.89,Low,10.62,9.31,1.69,C
22.59,18.46,35.65,High,4.97,6.81,2.05,B
8.1,8.12,25.87,High,5.15,4.68,1.07,F
18.81,24.1,43.79,High,8.99,7.32,2.31,A
7.09,7.36,25.42,Medium,1.99,7.6,1.45,F
22.15,23.66,45.02,Medium,3.89,7.65,3.28,A
22.62,15.29,41.8,Medium,8.78,6.59,2.32,B
10.97,14.12,26.02,Medium,8.31,7.19,1.4,D
9.43,5.68,2.9,High,1.56,8.19,1.07,F
25.0,25.0,50.0,High,11.39,6.77,3.85,A
21.03,17.18,42.49,Medium,7.37,7.77,2.81,A
17.94,21.74,33.08,Low,4.44,6.46,2.7,B
20.55,20.46,41.53,Medium,10.59,8.52,2.15,A
8.2,10.18,20.71,Medium,4.01,9.24,1.01,F
21.43,23.53,48.92,High,5.72,9.41,3.31,A
25.0,25.0,50.0,High,4.84,8.24,3.94,A
23.31,20.28,50.0,Medium,6.14,9.14,3.23,A
21.62,21.98,48.03,Medium,4.11,9.38,3.07,A
20.86,25.0,43.89,High,3.79,7.22,3.36,A
23.62,25.0,46.77,Medium,10.69,5.05,2.36,A
16.36,18.04,36.2,Low,5.39,5.69,2.52,B
21.01,25.0,36.74,Medium,11.18,8.32,1.92,A
25.0,25.0,50.0,High,6.83,6.83,3.83,A
25.0,25.0,50.0,Medium,11.77,6.99,2.88,A
25.0,25.0,50.0,Medium,9.64,4.0,3.67,A
25.0,25.0,50.0,Medium,10.86,6.5,3.49,A
25.0,24.58,49.41,Medium,2.11,7.77,3.96,A
13.47,13.89,29.16,Medium,7.9,5.82,1.24,D
22.25,15.62,36.09,Low,10.43,5.21,1.64,B
18.74,25.0,50.0,High,4.46,9.31,3.18,A
17.6,11.7,29.49,Medium,5.43,6.96,1.5,D
22.94,22.81,32.51,High,5.57,6.13,1.88,B
21.49,22.7,43.16,Medium,11.99,4.0,1.81,A
23.75,23.75,47.5,Low,10.72,6.25,3.52,A
22.36,25.0,50.0,High,5.2,5.89,3.56,A
23.75,23.75,47.5,Low,8.54,7.81,3.56,A
25.0,23.24,50.0,High,1.92,7.26,3.91,A
23.75,23.75,42.73,Low,10.16,4.87,3.12,A
25.0,25.0,50.0,Medium,11.4,9.41,2.53,A
20.97,24.1,50.0,High,10.47,8.58,2.69,A
19.79,22.45,41.84,Low,3.9,8.4,3.43,A
14.0,16.8,33.74,Medium,1.96,7.35,2.33,C
23.75,23.75,47.5,Low,9.92,9.06,3.04,A
23.19,23.75,46.11,Low,5.56,6.9,2.99,A
16.44,20.75,31.07,High,4.24,6.37,2.01,C
25.0,21.42,41.89,High,5.24,6.31,2.97,A
9.02,9.28,19.87,High,5.24,8.6,1.1,F
9.9,15.89,29.21,Low,11.1,9.42,1.11,D
18.29,19.01,33.53,High,5.6,8.1,2.03,B
11.6,17.69,44.78,Medium,7.75,6.29,2.14,B
11.84,12.39,23.08,Medium,2.1,8.67,1.81,F
17.71,19.53,28.49,Low,1.81,5.61,2.74,C
25.0,25.0,50.0,Medium,11.98,4.17,3.58,A
23.75,23.75,47.5,Low,8.57,6.72,3.5,A
11.4,16.24,16.57,Medium,3.42,6.3,1.11,F
15.33,17.45,31.24,Medium,6.53,6.8,1.71,C
22.88,19.62,36.39,Medium,8.19,7.37,1.99,B
17.72,14.27,34.26,High,6.11,5.85,2.0,C
19.16,16.75,33.13,High,8.0,5.93,1.45,C
16.63,14.55,28.6,Medium,3.27,5.36,2.23,D
21.86,22.07,28.05,Medium,10.51,6.44,1.36,B
17.6,22.18,39.59,Low,2.4,4.11,3.24,B
25.0,23.85,38.2,Medium,8.79,5.23,2.35,A
16.92,19.51,34.57,High,4.38,6.54,2.31,B
23.65,20.93,50.0,High,10.44,7.05,2.6,A
25.0,25.0,50.0,Medium,11.01,7.61,3.52,A
19.3,18.88,37.34,Medium,7.97,6.42,2.3,B
25.0,18.86,50.0,Medium,10.44,8.41,2.64,A
22.57,25.0,50.0,High,10.58,7.73,3.0,A
17.92,14.6,29.21,Low,11.91,4.7,1.02,C
8.18,7.88,25.35,Low,5.35,6.13,1.4,F
6.32,6.44,15.56,Low,1.33,4.58,1.16,F
21.54,19.24,36.62,High,3.44,9.89,2.71,B
25.0,25.0,50.0,Medium,10.0,6.68,3.37,A
25.0,25.0,50.0,Medium,11.11,7.2,3.32,A
11.01,12.27,22.47,Medium,1.14,6.5,1.52,F
25.0,25.0,50.0,Medium,9.33,6.13,3.64,A
23.75,23.75,47.5,Low,11.02,9.12,3.27,A
25.0,25.0,50.0,Medium,5.38,5.44,3.96,A
24.76,25.0,49.82,Medium,6.4,5.46,3.57,A
14.04,20.36,39.27,Medium,5.38,6.73,2.68,B
23.75,23.75,47.5,Low,8.61,8.21,3.69,A
21.18,25.0,50.0,Medium,6.26,7.54,3.34,A
14.67,11.18,18.16,High,2.08,6.69,1.69,F
21.94,19.82,47.5,Low,7.22,6.14,3.07,A
16.79,13.9,25.33,Medium,2.03,5.66,2.25,D
25.0,25.0,50.0,High,8.94,8.33,2.65,A
25.0,25.0,50.0,High,6.62,10.0,3.86,A
22.37,24.17,43.01,Medium,2.1,4.65,3.63,A
22.97,20.04,33.35,High,2.74,6.62,2.87,B
8.66,6.77,12.43,Medium,1.04,7.95,1.43,F
16.41,19.94,34.49,High,9.52,7.62,1.53,B
19.77,23.89,38.07,Medium,1.88,8.11,2.96,A
25.0,25.0,50.0,High,5.94,5.13,3.61,A
14.24,12.72,33.6,Low,10.2,7.36,1.22,C
23.75,23.75,46.53,Low,5.83,6.24,3.92,A
23.05,20.15,32.93,High,4.73,7.39,2.51,B
22.55,25.0,50.0,Medium,7.13,8.79,3.55,A
19.22,18.43,46.14,Medium,2.05,5.0,3.18,A
25.0,25.0,50.0,Medium,9.24,5.46,3.27,A
25.0,25.0,50.0,Medium,9.72,5.82,3.86,A
24.82,25.0,50.0,Medium,10.5,6.63,3.93,A
15.56,18.48,26.6,Low,7.03,7.22,1.57,C
14.34,17.2,26.32,Medium,1.82,10.0,1.63,D
14.17,16.17,24.58,Low,3.69,6.32,1.82,D
24.47,25.0,50.0,Medium,9.17,6.3,3.62,A
23.01,23.02,42.32,Medium,4.27,8.38,3.28,A
23.75,23.75,47.5,Low,11.95,8.12,3.46,A
16.52,18.09,43.27,Medium,5.99,5.9,2.05,B
12.51,11.12,29.0,Low,4.02,9.09,1.82,D
16.42,16.89,31.87,Medium,10.37,5.04,1.31,C
16.71,16.19,33.71,Low,1.31,4.0,2.95,C
14.66,13.06,28.93,Medium,8.41,5.43,1.41,D
25.0,18.2,47.48,Medium,7.02,7.87,2.88,A
19.46,20.14,38.48,Medium,4.99,10.0,2.66,B
4.79,15.7,24.21,High,4.06,6.43,1.32,F
25.0,20.64,42.94,Medium,7.75,8.19,3.11,A
23.75,17.55,45.67,Low,9.86,6.03,2.35,A
9.86,17.92,32.37,Low,9.39,4.98,1.39,C
23.2,25.0,50.0,High,11.91,6.85,2.53,A
15.21,10.72,13.92,Low,4.61,6.72,1.3,F
13.92,13.32,25.38,Medium,7.05,6.56,1.25,D
24.1,25.0,49.38,High,11.65,6.67,2.42,A
25.0,25.0,50.0,High,8.35,8.96,3.91,A
21.75,15.93,35.55,Medium,7.17,6.59,1.94,B
11.06,14.64,28.41,Medium,1.43,7.58,2.11,D
22.18,20.06,32.84,High,5.3,4.0,1.99,B
25.0,24.17,49.88,Medium,3.35,8.49,3.97,A
8.86,8.28,10.03,Medium,1.13,6.69,1.24,F
25.0,24.77,50.0,Medium,6.4,7.92,3.67,A
19.56,13.82,42.12,High,7.88,9.23,2.03,B
18.98,24.16,39.11,Medium,4.86,6.5,3.04,A
11.52,16.64,33.53,Medium,11.67,7.98,1.02,C
16.3,16.08,29.17,Low,11.03,6.55,1.34,C
16.66,12.39,25.8,High,6.51,5.08,1.57,D
25.0,22.4,50.0,High,6.14,7.61,2.99,A
16.01,12.57,26.36,Medium,4.6,7.61,1.76,D
20.51,22.4,39.63,Medium,9.52,7.5,2.39,A
19.95,20.96,50.0,Medium,4.91,6.62,3.49,A
24.86,22.12,46.8,High,1.7,4.34,3.25,A
22.08,17.86,42.51,Medium,6.39,6.91,2.5,A
21.01,19.54,34.83,High,8.51,8.61,1.78,B
21.25,16.46,28.06,Medium,2.72,8.17,2.8,C
21.75,20.36,39.5,Low,11.99,5.57,1.81,A
21.67,24.61,50.0,High,5.03,6.44,3.34,A
25.0,21.88,50.0,Medium,6.05,8.46,3.5,A
16.7,18.14,42.14,Medium,11.5,6.24,1.76,B
25.0,25.0,47.43,Medium,11.05,8.66,2.84,A
23.75,23.75,47.5,Low,9.6,6.19,3.63,A
20.54,17.01,33.87,Medium,5.67,5.78,2.41,B
16.61,14.33,19.17,Medium,2.5,8.52,1.65,D
17.1,14.99,35.76,Medium,8.5,6.64,1.99,C
25.0,25.0,50.0,Medium,10.38,5.04,3.49,A
8.65,12.31,17.28,High,3.49,6.42,1.19,F
21.53,17.61,35.32,Medium,11.91,7.66,1.22,B
9.09,8.65,18.77,Medium,3.05,7.17,1.05,F
22.4,18.27,31.33,Medium,10.5,4.0,1.6,B
24.97,25.0,50.0,Medium,5.68,6.64,3.96,A
5.5,5.48,12.26,Medium,1.01,7.23,1.04,F
17.51,16.5,26.06,Medium,2.64,6.68,1.94,C
10.33,9.98,26.07,High,5.69,5.73,1.24,F
22.41,25.0,50.0,High,8.07,5.11,3.04,A
25.0,23.44,50.0,Medium,6.84,7.65,2.84,A
22.25,16.41,35.43,High,8.46,7.14,1.75,B
19.15,19.48,39.68,High,2.43,5.55,2.74,B
10.81,12.61,29.38,Medium,1.38,7.82,2.03,D
14.9,14.09,20.92,Medium,3.9,9.37,1.65,F
12.75,19.5,36.42,Low,1.83,9.75,2.28,C
19.51,14.75,40.75,Medium,6.23,5.45,1.83,B
25.0,25.0,50.0,High,10.53,8.05,3.69,A
12.91,11.16,15.57,Low,2.49,5.51,1.25,F
20.0,16.58,27.95,High,4.95,6.98,1.72,C
15.53,10.49,25.13,High,6.92,8.91,1.19,D
20.75,18.51,45.8,Medium,5.44,6.24,3.24,A
25.0,24.81,47.5,Medium,11.09,6.42,3.08,A
20.69,17.15,35.73,Low,9.1,4.75,1.7,B
25.0,23.23,46.11,Medium,8.21,8.68,3.01,A
7.12,9.14,22.19,Low,1.79,5.84,1.31,F
22.35,16.87,36.98,High,9.4,9.19,1.88,B
12.55,17.38,28.86,High,6.73,9.69,1.63,D
25.0,25.0,43.6,Medium,9.07,7.52,2.77,A
23.72,23.75,47.5,Low,11.29,8.42,3.51,A
15.62,20.23,28.89,Low,10.65,6.3,1.42,C
16.01,14.99,30.25,Medium,8.28,7.19,1.5,C
19.38,20.29,38.12,High,1.93,8.85,2.68,B
10.91,15.53,27.56,Medium,3.4,4.48,1.92,D
19.5,20.74,32.35,High,7.48,10.0,1.7,B
18.68,16.97,34.3,Medium,10.84,5.33,1.56,C
8.54,6.81,14.65,Low,2.51,8.61,1.08,F
25.0,21.3,50.0,Medium,3.35,5.04,3.62,A
24.8,25.0,50.0,Medium,7.0,5.68,3.29,A
12.0,16.43,38.29,Medium,2.96,9.4,2.83,C
23.75,20.96,47.5,Low,10.87,7.5,3.04,A
16.65,14.74,29.81,Low,4.22,8.97,2.08,C
23.21,21.76,43.39,Medium,5.78,7.99,3.02,A
18.96,12.04,32.6,Medium,6.29,6.81,1.97,C
7.87,9.74,11.3,High,2.11,7.06,1.01,F
15.43,17.17,31.77,Medium,2.59,6.29,2.65,C
19.07,17.9,29.36,Medium,5.59,6.39,2.12,C
15.68,18.74,31.45,Medium,10.39,6.41,1.81,C
23.75,23.75,47.5,Low,10.72,6.65,3.83,A
20.74,22.87,32.5,Medium,4.68,6.75,2.58,B
22.86,13.86,39.88,Medium,11.56,8.73,2.0,B
17.08,16.23,27.68,Medium,7.43,6.7,1.54,C
25.0,25.0,50.0,Medium,5.79,5.87,3.88,A
22.3,22.88,50.0,Medium,7.08,10.0,3.41,A
18.38,15.48,42.67,Medium,11.76,9.82,1.5,B
25.0,25.0,50.0,High,9.65,8.79,3.44,A
21.33,18.27,35.06,Low,7.74,4.9,2.16,B
25.0,19.26,50.0,Medium,5.71,7.78,3.82,A
25.0,18.31,46.1,Medium,9.99,9.59,2.36,A
12.18,5.72,15.05,Medium,2.87,5.34,1.17,F
18.76,16.48,39.69,High,3.38,8.58,2.58,B
15.05,18.18,39.92,High,5.63,6.22,1.88,B
19.18,20.58,37.02,Medium,3.61,7.88,2.87,B
19.83,16.84,33.51,High,2.03,6.95,2.53,B
23.75,23.75,47.5,Low,6.7,7.55,3.73,A
23.75,23.75,47.33,Low,5.03,6.41,3.6,A
25.0,24.98,37.62,High,8.01,8.64,2.7,A
25.0,25.0,50.0,High,7.4,7.01,3.93,A
6.4,5.77,13.65,Low,3.21,4.22,1.12,F
1.89,13.68,22.25,Medium,1.47,7.67,1.3,F
20.34,24.86,37.79,High,8.05,7.72,2.28,A
25.0,25.0,50.0,Medium,11.79,6.22,2.68,A
15.36,10.56,21.5,High,1.36,6.07,1.82,F
25.0,25.0,50.0,Medium,4.98,7.9,3.92,A
22.36,20.75,45.52,Low,10.49,7.68,2.21,A
24.81,25.0,50.0,High,10.23,6.77,2.96,A
7.15,9.71,17.65,Medium,1.05,6.31,1.68,F
16.11,11.22,32.32,High,10.97,5.55,1.32,D
13.96,23.03,34.04,High,9.52,6.1,1.6,B
19.15,24.78,36.13,Medium,2.0,4.01,2.58,A
23.04,25.0,50.0,Medium,3.27,7.84,3.88,A
11.61,20.54,28.08,Low,8.35,6.66,1.61,C
20.74,18.42,28.63,High,8.99,8.31,1.34,C
7.12,7.19,24.66,Medium,1.02,8.42,1.14,F
17.07,15.78,35.96,Medium,2.09,5.02,2.63,C
25.0,22.88,50.0,Medium,6.85,5.71,3.08,A
21.42,23.93,48.32,Medium,5.61,4.95,3.27,A
24.04,25.0,50.0,High,3.59,5.87,3.55,A
18.74,25.0,50.0,High,10.35,7.72,2.68,A
25.0,25.0,50.0,High,6.55,6.98,3.47,A
13.93,18.32,42.48,Low,2.87,7.69,3.03,B
18.69,18.46,29.42,High,5.7,6.48,2.08,C
23.03,18.76,42.99,Low,8.88,8.42,2.24,A
19.28,23.75,39.96,Low,4.7,9.52,3.02,A
14.14,14.71,29.78,Medium,4.23,6.85,2.02,D
20.4,19.57,35.55,Medium,9.21,7.14,1.56,B
13.81,14.98,24.68,High,9.13,6.23,1.06,D
25.0,25.0,50.0,Medium,8.83,6.63,2.8,A
22.25,16.67,36.09,Medium,1.71,5.9,3.31,B
11.82,12.97,27.16,Low,6.86,6.61,1.7,D
19.13,21.3,38.61,Medium,3.35,10.0,2.55,B
25.0,25.0,50.0,Medium,11.25,5.3,3.78,A
18.74,15.72,38.71,Low,2.14,8.0,2.5,B
16.7,18.37,28.29,Medium,7.29,6.91,2.02,C
20.37,14.46,39.22,Low,11.57,8.59,1.98,B
22.86,24.09,50.0,Medium,10.42,5.24,3.23,A
19.89,16.78,45.39,Medium,5.8,7.01,2.7,A
17.97,21.27,35.51,Medium,10.55,4.88,1.78,B
13.21,17.67,34.39,Medium,5.1,7.59,2.07,C
22.99,22.42,50.0,Medium,10.38,4.84,2.43,A
25.0,25.0,50.0,Medium,11.67,5.91,3.7,A
14.86,19.73,32.53,Medium,5.91,7.65,2.29,C
11.44,6.99,19.24,Medium,4.63,6.96,1.19,F
14.16,8.97,27.88,Medium,11.87,5.1,1.02,D
22.64,23.75,47.5,Low,10.71,6.3,2.95,A
25.0,25.0,50.0,High,10.57,5.22,3.07,A
9.73,18.35,33.53,Medium,11.29,7.43,1.32,C
25.0,25.0,50.0,Medium,10.41,7.44,3.34,A
22.34,19.54,39.63,Medium,10.77,6.09,1.68,A
23.75,23.31,47.5,Low,10.83,5.93,2.79,A
22.37,25.0,42.78,Medium,7.39,6.7,2.97,A
18.35,19.65,40.56,Medium,3.76,6.1,2.79,B
22.51,21.59,44.33,Medium,10.51,7.37,2.29,A
20.52,21.88,40.81,Medium,3.61,4.5,3.05,A
23.31,21.67,44.07,High,5.13,8.11,3.14,A
23.06,19.76,41.72,Low,2.81,4.43,2.97,A
20.15,25.0,49.94,High,11.4,7.33,2.48,A
18.58,15.81,28.43,Medium,5.52,8.21,1.81,C
13.02,13.55,34.95,High,1.92,4.19,2.64,C
13.75,18.11,35.21,High,5.12,6.87,1.76,C
18.0,20.83,35.62,Medium,10.78,7.25,1.16,B
10.01,13.52,21.68,Medium,4.82,8.91,1.3,F
13.93,16.11,36.55,Low,9.35,4.49,1.57,C
19.64,15.82,40.93,Medium,5.45,8.12,2.67,B
24.87,23.29,43.07,Medium,9.59,7.68,2.61,A
10.17,6.89,13.47,High,3.25,5.34,1.4,F
17.62,13.97,34.5,Low,3.68,6.99,2.67,C
11.55,8.43,29.47,Medium,5.16,7.22,1.44,F
12.41,14.75,26.46,Medium,2.47,6.93,1.98,D
12.63,14.95,14.31,Medium,6.31,5.31,1.1,F
20.86,20.85,35.74,High,1.44,7.95,2.49,B
11.23,25.0,43.75,Medium,7.74,10.0,2.35,B
25.0,25.0,47.73,High,7.74,9.85,2.93,A
12.33,11.39,17.34,Medium,1.02,4.55,1.73,F
13.56,7.11,21.96,High,1.78,9.92,1.61,F
25.0,24.99,50.0,Medium,5.88,7.66,3.63,A
22.5,20.85,43.47,Medium,10.78,7.3,2.12,A
22.65,21.94,47.18,Low,9.68,6.01,2.54,A
18.13,13.37,29.47,High,1.44,5.89,2.47,C
18.31,23.69,32.48,High,11.41,6.9,1.39,B
18.77,24.2,41.72,High,3.72,6.25,2.68,A
14.97,11.52,19.08,Medium,3.08,6.62,1.37,F
20.19,23.28,40.98,Medium,9.23,5.31,2.39,A
19.38,23.85,42.38,High,11.52,6.69,1.95,A
23.75,23.75,42.73,Low,8.19,5.74,2.97,A
15.7,11.12,24.84,Medium,3.12,4.99,1.7,D
8.24,10.66,26.98,Low,6.3,7.78,1.04,F
18.16,17.92,37.95,High,7.25,4.08,1.57,B
25.0,25.0,50.0,High,8.67,5.55,3.37,A
12.34,12.32,34.97,Medium,9.16,7.97,1.25,D
25.0,25.0,50.0,High,10.37,6.81,3.63,A
10.54,11.45,21.44,Medium,5.36,6.2,1.38,F
25.0,19.14,39.01,Medium,3.8,6.88,2.77,A
15.51,21.47,36.44,Medium,11.71,6.97,1.74,B
12.79,9.16,24.68,Medium,6.16,7.16,1.1,F
25.0,23.72,50.0,High,6.1,6.25,3.49,A
20.82,8.32,32.25,Medium,2.44,7.06,2.28,C
3.75,13.68,18.51,High,4.14,5.43,1.29,F
24.45,23.0,45.07,High,10.73,4.88,1.92,A
24.5,22.91,41.25,Medium,9.61,6.77,2.38,A
19.07,21.05,46.65,Medium,4.81,6.31,2.55,A
13.44,8.21,25.44,High,3.79,7.71,1.31,F
22.66,25.0,39.09,Medium,11.24,6.18,1.88,A
20.85,25.0,50.0,High,7.8,7.81,3.44,A
23.1,25.0,49.67,Medium,2.53,7.93,3.55,A
25.0,25.0,50.0,Medium,11.18,7.36,3.21,A
2.69,11.76,16.63,High,1.4,7.31,1.12,F
20.3,16.21,31.8,High,8.47,5.89,1.55,C
13.66,2.91,18.85,Medium,3.32,7.34,1.28,F
21.39,14.85,42.5,Medium,8.11,8.38,2.21,B
25.0,25.0,50.0,High,11.24,7.4,3.89,A
23.63,23.75,47.5,Low,9.69,5.52,3.69,A
23.75,23.75,47.3,Low,5.17,7.57,3.88,A
20.88,23.47,47.6,Medium,10.48,6.12,2.08,A
13.32,8.71,17.01,Medium,1.98,8.12,1.22,F
25.0,20.69,42.55,High,6.51,5.99,2.79,A
25.0,24.1,46.67,High,1.21,5.04,3.83,A
19.67,14.87,30.52,Medium,7.44,7.68,1.65,C
25.0,16.4,49.31,Medium,9.45,5.45,2.72,A
6.26,14.48,23.14,Medium,3.09,9.6,1.22,F
17.22,21.91,36.62,Medium,10.32,7.79,1.67,B
22.88,23.59,43.64,High,9.31,7.92,2.42,A
21.87,23.42,34.99,Medium,2.98,5.84,2.64,A
18.9,15.29,35.44,High,3.06,8.45,2.69,C
8.25,6.71,27.08,High,6.95,9.56,1.06,F
25.0,25.0,50.0,High,8.58,5.37,3.92,A
25.0,21.79,42.1,Medium,4.26,7.6,3.35,A
17.43,18.49,33.42,Medium,4.11,9.21,2.63,C
24.32,24.88,44.41,Medium,4.92,5.81,2.94,A
8.42,4.66,20.03,Medium,1.32,8.67,1.84,F
7.25,15.6,27.36,Medium,1.67,9.76,1.95,D
15.93,22.64,39.06,Medium,6.62,6.83,2.41,B
25.0,23.99,50.0,Medium,10.6,7.45,2.92,A
6.59,8.13,2.41,Low,2.18,6.33,1.05,F
22.5,17.19,36.7,Low,10.57,8.15,1.93,B
17.19,16.19,34.69,Medium,1.85,8.27,2.76,C
17.23,25.0,41.39,Medium,5.77,5.92,2.69,A
22.48,19.51,44.24,Low,2.09,9.52,3.44,A
25.0,25.0,45.79,High,10.77,10.0,2.4,A
23.75,23.75,47.5,Low,11.19,6.6,3.59,A
15.33,9.3,19.11,Medium,2.72,7.43,1.24,F
19.94,20.75,42.65,Medium,6.74,6.12,2.55,A
19.52,13.71,40.51,High,10.84,6.26,1.61,B
25.0,25.0,50.0,Medium,10.36,6.88,3.67,A
25.0,25.0,50.0,Medium,11.08,8.93,3.45,A
25.0,25.0,45.38,Medium,9.03,7.01,3.49,A
10.79,10.88,30.25,Low,4.94,6.92,1.52,D
25.0,25.0,50.0,Medium,10.83,6.25,2.71,A
18.91,14.02,35.8,High,10.46,7.87,1.21,C
13.2,8.77,32.68,High,6.51,6.5,1.01,D
8.76,8.87,28.68,Medium,3.04,5.32,1.44,F
25.0,25.0,37.74,High,9.54,5.16,2.31,A
10.56,9.8,25.95,Low,2.68,7.76,1.89,F
24.88,25.0,50.0,Medium,5.1,5.31,3.96,A
7.79,11.75,22.64,Low,5.0,6.61,1.56,F
25.0,24.38,46.04,Medium,11.82,5.8,2.28,A
25.0,25.0,50.0,High,9.47,8.19,3.97,A
25.0,25.0,50.0,High,11.17,8.01,2.57,A
15.39,15.47,22.81,High,2.64,9.12,1.89,D
13.69,10.68,40.12,High,1.09,7.77,1.91,C
22.77,24.6,50.0,High,1.35,9.2,3.78,A
6.86,11.71,20.9,Medium,1.45,7.38,1.09,F
23.94,22.05,40.91,Medium,3.47,7.13,2.83,A
16.68,19.6,42.76,Medium,11.46,6.12,1.59,B
23.87,17.22,47.63,Medium,1.44,5.9,3.12,A
16.48,15.0,27.09,Medium,4.55,4.48,2.02,D
25.0,23.43,50.0,Medium,6.46,7.45,3.68,A
16.87,16.6,31.19,Low,3.15,6.58,2.11,C
19.22,23.37,43.98,High,3.36,7.07,2.76,A
25.0,24.22,50.0,Medium,3.88,6.68,3.92,A
9.81,12.6,25.32,Low,5.46,6.43,1.22,F
18.86,23.75,40.91,Low,3.41,9.3,3.24,A
16.22,17.93,39.94,High,5.96,6.88,2.04,B
20.82,20.49,38.41,Medium,11.26,6.44,2.08,B
25.0,19.81,41.61,High,6.19,4.8,2.48,A
16.02,20.41,34.64,Medium,5.4,7.03,2.04,B
13.85,9.43,27.78,High,6.37,6.44,1.18,D
13.84,13.02,23.92,Medium,4.62,5.45,1.98,D
17.59,24.68,44.45,Medium,7.6,6.25,2.57,A
25.0,23.95,47.45,Medium,3.83,7.17,3.55,A
19.77,24.14,41.71,Medium,1.68,7.56,3.16,A
20.31,16.96,27.86,High,3.02,5.16,2.23,C
23.75,23.36,47.5,Low,6.74,6.13,3.96,A
18.76,21.74,43.3,Medium,9.57,8.95,2.26,A
22.9,23.35,50.0,High,10.19,5.85,2.45,A
25.0,25.0,50.0,Medium,9.57,6.47,3.56,A
24.17,25.0,50.0,Medium,8.68,6.16,3.03,A
25.0,22.64,50.0,Medium,10.78,4.0,2.48,A
13.32,16.94,33.84,Medium,4.04,9.41,2.0,C
15.44,16.71,31.28,Medium,4.01,7.28,1.55,C
25.0,25.0,50.0,High,7.8,7.62,3.27,A
22.91,15.71,42.12,Medium,3.4,6.86,2.64,A
23.11,25.0,45.59,Medium,8.53,7.16,3.03,A
14.22,22.59,39.83,Medium,2.6,6.99,2.62,B
13.48,19.0,30.14,Low,9.71,8.62,1.33,C
11.3,14.17,30.29,Low,8.88,5.92,1.07,D
25.0,25.0,50.0,High,5.09,7.83,3.86,A
15.1,9.92,36.14,Medium,2.45,8.94,1.91,C
22.5,25.0,50.0,Medium,6.57,6.08,3.74,A
9.27,12.9,23.0,Medium,7.06,5.38,1.16,F
19.6,18.14,38.38,Medium,2.05,8.67,2.84,B
25.0,22.69,49.61,High,11.24,7.05,2.56,A
19.05,15.59,38.4,High,10.77,7.59,1.19,B
22.02,10.02,28.03,Medium,2.25,6.06,2.28,C
21.3,25.0,48.01,Medium,6.91,8.1,2.58,A
12.73,12.09,24.89,High,7.28,7.91,1.08,F
22.27,23.75,47.5,Low,11.8,7.08,2.38,A
23.75,21.12,43.4,Low,3.92,8.48,3.22,A
19.98,22.95,45.06,High,9.52,8.17,2.33,A
20.45,17.53,34.23,Medium,7.93,6.11,2.09,B
16.03,23.1,45.28,High,9.04,8.46,2.22,A
21.68,25.0,47.73,Medium,3.8,10.0,3.91,A
11.2,17.93,31.48,Low,4.99,4.72,2.34,C
17.19,15.16,31.74,Medium,6.58,4.0,1.4,C
20.25,21.51,50.0,High,5.7,7.8,3.43,A
16.15,10.5,32.15,Medium,3.47,7.94,2.02,D
25.0,21.03,47.79,Medium,11.88,8.27,2.09,A
21.48,15.31,35.14,High,6.15,7.44,1.59,B
19.29,18.72,32.67,Low,7.33,6.6,1.85,B
14.28,11.46,36.45,Medium,2.37,5.96,2.24,C
23.75,23.75,47.5,Low,7.68,4.99,3.32,A
17.4,19.48,38.25,High,5.62,9.93,2.4,B
14.85,12.5,25.25,Low,9.7,6.66,1.28,D
12.99,12.19,22.41,Medium,1.85,4.0,1.48,F
13.0,8.92,9.71,Medium,1.76,9.29,1.1,F
16.09,20.99,33.26,Medium,9.59,7.36,1.35,B
25.0,25.0,50.0,Medium,6.89,6.82,3.76,A
9.93,17.89,33.73,Medium,2.4,7.7,2.3,C
19.15,19.34,36.61,Medium,9.37,6.42,2.1,B
19.69,23.88,45.86,Medium,1.54,7.35,3.99,A
25.0,24.83,49.12,Medium,4.66,8.69,3.35,A
23.3,17.39,30.42,High,6.54,5.86,2.17,B
15.86,20.37,47.99,High,7.63,10.0,2.23,A
14.89,13.5,33.69,High,8.65,9.35,1.62,C
23.4,25.0,50.0,Medium,9.46,6.16,3.38,A
15.89,21.42,44.54,Low,2.96,7.0,2.95,A
14.74,14.42,34.21,Low,1.92,10.0,2.69,C
10.44,11.48,28.12,Low,1.74,7.16,1.61,D
15.45,16.93,31.22,Medium,8.57,8.05,1.58,C
24.27,23.33,50.0,Medium,6.36,7.66,2.96,A
21.85,11.16,43.21,High,6.19,8.33,2.15,B
18.35,11.87,38.44,Medium,2.58,7.68,2.75,C
14.29,17.4,27.71,Medium,10.79,8.11,1.25,D
13.54,13.23,29.33,Low,1.19,6.06,2.32,D
13.7,8.33,21.98,Low,7.8,7.05,1.09,F
12.56,19.73,23.63,Medium,1.85,6.58,2.03,D
13.54,9.46,20.45,High,2.1,5.99,1.73,F
21.6,25.0,46.84,Medium,6.03,4.29,2.92,A
22.32,19.62,45.1,Medium,1.29,4.47,3.01,A
18.8,15.43,36.99,High,9.42,7.46,1.44,B
13.13,11.46,21.26,Medium,7.57,7.65,1.17,F
16.16,20.08,33.21,Medium,8.04,7.39,1.82,C
11.41,12.29,26.2,Medium,4.01,5.95,1.08,F
25.0,25.0,50.0,High,8.81,7.07,4.0,A
14.51,10.76,22.92,Medium,7.61,9.2,1.74,F
21.34,18.52,31.61,Low,4.28,8.6,2.48,B
25.0,24.69,50.0,Medium,8.86,6.08,3.85,A
17.3,8.02,33.34,Medium,1.12,4.82,2.54,D
22.66,22.61,50.0,Medium,1.81,6.34,3.94,A
25.0,25.0,44.7,Medium,3.22,6.57,3.74,A
18.43,21.26,44.95,High,5.41,7.17,2.46,A
10.91,8.13,23.34,Medium,6.79,5.58,1.17,F
23.75,23.75,47.5,Low,10.82,6.87,3.49,A
17.36,18.22,36.76,Medium,5.13,7.27,2.37,B
23.75,21.06,47.5,Low,11.5,6.03,2.42,A
13.83,9.8,26.51,Medium,1.37,7.32,1.81,D
25.0,25.0,48.35,High,2.99,8.82,3.35,A
22.08,17.27,41.08,Medium,8.0,6.88,2.4,A
10.15,16.24,14.1,Medium,7.69,6.42,1.0,F
22.42,25.0,50.0,High,4.92,7.38,2.95,A
25.0,25.0,50.0,High,10.8,8.8,3.09,A
24.75,25.0,50.0,Medium,10.9,7.43,3.36,A
14.8,12.12,25.14,Medium,5.2,7.75,1.68,D
10.52,13.63,20.87,High,2.88,8.21,1.04,F
21.67,17.83,28.34,Medium,10.82,6.97,1.15,C
25.0,25.0,50.0,Medium,7.45,6.91,3.81,A
21.9,25.0,40.01,Medium,5.33,7.52,3.12,A
20.09,18.79,41.59,Medium,1.13,6.1,2.87,A
25.0,24.71,50.0,Medium,11.2,6.98,2.79,A
15.25,21.73,31.79,Medium,3.05,6.51,2.2,C
25.0,25.0,50.0,High,8.92,8.04,3.53,A
17.11,15.24,36.19,High,6.13,6.09,1.76,C
25.0,25.0,50.0,Medium,5.7,9.25,3.76,A
16.01,16.35,28.81,Low,10.29,8.49,1.46,C
19.16,16.48,36.65,High,4.41,5.34,1.95,B
15.06,20.9,48.08,Medium,2.67,5.31,3.26,A
24.1,21.48,38.92,High,8.8,4.76,1.65,A
25.0,25.0,50.0,High,7.55,7.12,3.94,A
20.05,15.08,40.23,Medium,7.57,4.26,2.54,B
18.24,19.15,36.07,Medium,7.23,4.91,2.08,B
18.81,23.14,43.3,Medium,1.24,8.7,3.6,A
20.16,21.78,41.58,Medium,10.11,7.76,1.88,A
14.66,12.3,30.03,Medium,9.54,6.47,1.16,D
20.04,23.75,47.5,Low,11.49,8.14,2.64,A
25.0,25.0,50.0,High,9.97,9.97,3.17,A
18.76,13.8,28.71,Medium,7.08,6.89,1.57,C
12.93,20.63,33.05,High,10.42,7.73,1.17,C
24.66,25.0,50.0,Medium,9.42,5.92,3.53,A
25.0,22.59,50.0,Medium,8.97,8.78,3.68,A
21.9,25.0,35.0,High,9.77,6.01,1.39,A
23.17,25.0,49.94,Medium,2.03,10.0,3.73,A
23.64,24.72,37.3,Medium,5.57,8.07,2.79,A
12.43,13.4,27.91,Medium,9.9,6.21,1.07,D
25.0,25.0,50.0,High,11.11,7.94,3.41,A
10.99,12.29,31.55,Medium,3.57,6.8,1.8,D
23.75,20.13,47.5,Low,10.66,6.29,2.71,A
25.0,25.0,50.0,High,9.26,7.19,3.38,A
17.21,18.63,31.57,Medium,3.29,8.91,1.87,C
12.21,12.74,19.46,Low,4.2,5.34,1.34,F
25.0,25.0,50.0,High,7.54,8.56,3.9,A
21.21,25.0,50.0,Medium,7.08,6.48,3.04,A
21.71,17.25,38.67,High,7.01,8.24,1.93,B
17.47,15.17,37.63,Medium,4.56,6.95,2.39,B
18.94,21.87,44.84,Low,5.48,8.01,3.03,A
16.68,17.18,37.59,High,5.72,7.76,2.38,B
7.42,11.91,15.53,Medium,1.29,8.28,1.43,F
18.13,19.81,45.03,Medium,11.81,5.51,2.19,A
19.15,20.87,39.1,High,8.64,7.22,2.14,B
21.06,23.75,47.5,Low,8.54,7.25,2.85,A
20.91,20.71,38.72,Low,10.02,6.71,1.96,A
15.3,14.64,36.7,Medium,8.5,7.1,1.53,C
22.96,23.93,48.44,Medium,7.84,6.89,3.12,A
14.72,12.8,25.6,Medium,5.76,7.14,1.63,D
25.0,23.44,48.85,High,2.09,6.76,3.83,A
22.21,20.25,41.57,High,1.78,9.27,3.3,A
17.63,20.41,26.97,High,9.35,7.16,1.65,C
12.29,13.75,37.88,Medium,9.26,7.35,1.77,C
22.4,24.64,50.0,High,6.19,6.74,3.0,A
18.09,19.64,30.85,High,5.23,6.48,1.94,C
5.88,8.29,15.1,Medium,2.18,6.59,1.05,F
21.5,19.55,46.47,Medium,7.77,6.6,2.9,A
25.0,25.0,50.0,Medium,11.78,6.03,3.69,A
10.06,13.59,24.72,Medium,5.31,5.09,1.76,F
25.0,25.0,50.0,Medium,9.78,6.25,3.88,A
20.03,17.06,42.1,Low,10.68,4.5,2.1,B
18.56,17.0,34.54,Low,5.78,7.63,2.35,B
6.77,13.61,23.3,Medium,1.59,8.48,1.34,F
23.75,23.75,45.15,Low,1.71,6.39,3.81,A
17.58,16.18,32.45,Medium,7.17,4.25,1.89,C
16.13,18.97,35.12,Medium,9.83,7.19,1.38,B
19.58,16.87,28.03,Low,5.02,7.63,1.97,C
14.08,13.41,32.15,Medium,2.95,8.76,2.33,D
11.12,11.66,23.6,Low,6.44,4.6,1.07,F
14.87,18.62,31.31,High,9.8,6.91,1.23,C
17.27,23.32,48.72,Medium,6.88,5.92,2.95,A
18.79,16.59,33.06,Medium,8.56,6.16,1.61,C
25.0,24.57,50.0,Medium,7.47,6.23,3.56,A
12.35,12.52,24.04,Medium,3.91,5.86,1.7,F
25.0,25.0,50.0,High,9.31,7.44,3.8,A
25.0,25.0,50.0,High,10.79,6.99,3.34,A
17.27,14.24,30.07,Low,5.05,6.46,1.99,C
11.62,9.1,13.84,Low,5.08,6.29,1.09,F
13.97,19.48,36.93,Medium,2.56,10.0,2.77,B
23.75,23.75,47.5,Low,11.43,6.41,3.32,A
25.0,22.69,50.0,Medium,6.33,9.07,3.28,A
14.98,25.0,40.77,Medium,8.34,5.81,1.8,A
25.0,24.24,47.34,High,1.06,8.73,3.65,A
23.75,23.26,45.55,Low,2.95,8.19,3.5,A
23.71,17.49,50.0,High,4.65,8.03,2.58,A
25.0,24.06,46.35,Medium,11.61,7.36,2.18,A
6.43,2.33,13.91,Medium,1.0,5.92,1.01,F
14.69,9.73,35.78,Medium,1.49,6.85,2.14,C
19.29,13.46,23.03,High,5.85,8.27,1.33,D
25.0,25.0,50.0,Medium,6.06,9.42,3.63,A
18.16,20.06,40.16,Medium,9.91,8.4,2.15,B
23.75,23.75,47.5,Low,11.14,9.42,2.92,A
23.75,25.0,50.0,High,9.33,6.71,2.87,A
10.58,9.2,22.35,Medium,2.34,4.57,1.38,F
25.0,25.0,50.0,High,10.63,5.88,3.89,A
16.11,15.63,32.51,High,3.68,7.3,1.74,C
25.0,25.0,50.0,Medium,11.41,6.6,2.94,A
25.0,25.0,50.0,Medium,6.43,7.19,3.94,A
16.51,11.16,33.69,High,1.19,5.33,2.63,C
14.03,16.2,24.98,High,4.72,5.85,1.69,D
25.0,20.63,50.0,Medium,8.48,7.11,3.49,A
22.12,21.92,42.84,Medium,10.99,4.83,2.14,A
20.83,18.11,42.51,High,8.05,6.98,2.29,A
23.75,23.75,47.5,Low,6.27,6.54,3.89,A
25.0,24.25,50.0,Medium,7.14,6.18,3.93,A
16.2,12.4,13.56,Low,3.78,9.26,1.2,F
21.63,22.5,41.69,Medium,10.18,7.22,2.26,A
22.84,25.0,49.75,High,10.37,7.33,2.96,A
25.0,25.0,50.0,Medium,11.01,8.68,3.57,A
25.0,25.0,50.0,Medium,8.38,7.93,3.73,A
